-- Respaldo de Base de Datos - Turesma SCIGA
-- Generado: 2026-07-10 00:06:01

-- Tabla: aportes_socios
INSERT INTO "aportes_socios" ("id", "socio_id", "periodo_mes", "periodo_anio", "valor_cuota", "estado_pago", "fecha_pago", "observacion", "created_at", "updated_at") VALUES (1, 1, 1, 2026, 75.00, 'pagado', '2026-01-30', NULL, '2026-06-30 19:22:54', '2026-06-30 19:22:54');
INSERT INTO "aportes_socios" ("id", "socio_id", "periodo_mes", "periodo_anio", "valor_cuota", "estado_pago", "fecha_pago", "observacion", "created_at", "updated_at") VALUES (2, 3, 1, 2026, 75.00, 'pagado', '2026-03-09', NULL, '2026-06-30 19:22:54', '2026-06-30 19:22:54');
INSERT INTO "aportes_socios" ("id", "socio_id", "periodo_mes", "periodo_anio", "valor_cuota", "estado_pago", "fecha_pago", "observacion", "created_at", "updated_at") VALUES (3, 4, 1, 2026, 0.00, 'cancelado', '2026-01-19', NULL, '2026-06-30 19:22:54', '2026-06-30 19:22:54');
INSERT INTO "aportes_socios" ("id", "socio_id", "periodo_mes", "periodo_anio", "valor_cuota", "estado_pago", "fecha_pago", "observacion", "created_at", "updated_at") VALUES (4, 2, 1, 2026, 150.00, 'pagado', '2026-02-02', NULL, '2026-06-30 19:22:54', '2026-06-30 19:22:54');
INSERT INTO "aportes_socios" ("id", "socio_id", "periodo_mes", "periodo_anio", "valor_cuota", "estado_pago", "fecha_pago", "observacion", "created_at", "updated_at") VALUES (5, 5, 1, 2026, 0.00, 'exento', NULL, NULL, '2026-06-30 19:22:54', '2026-06-30 19:22:54');
INSERT INTO "aportes_socios" ("id", "socio_id", "periodo_mes", "periodo_anio", "valor_cuota", "estado_pago", "fecha_pago", "observacion", "created_at", "updated_at") VALUES (6, 6, 1, 2026, 75.00, 'pagado', '2026-02-01', NULL, '2026-06-30 19:22:54', '2026-06-30 19:22:54');
INSERT INTO "aportes_socios" ("id", "socio_id", "periodo_mes", "periodo_anio", "valor_cuota", "estado_pago", "fecha_pago", "observacion", "created_at", "updated_at") VALUES (7, 1, 2, 2026, 75.00, 'pagado', '2026-02-06', NULL, '2026-06-30 19:22:54', '2026-06-30 19:22:54');
INSERT INTO "aportes_socios" ("id", "socio_id", "periodo_mes", "periodo_anio", "valor_cuota", "estado_pago", "fecha_pago", "observacion", "created_at", "updated_at") VALUES (8, 3, 2, 2026, 75.00, 'pagado', '2026-03-09', NULL, '2026-06-30 19:22:54', '2026-06-30 19:22:54');
INSERT INTO "aportes_socios" ("id", "socio_id", "periodo_mes", "periodo_anio", "valor_cuota", "estado_pago", "fecha_pago", "observacion", "created_at", "updated_at") VALUES (9, 4, 2, 2026, 75.00, 'pagado', '2026-02-06', NULL, '2026-06-30 19:22:54', '2026-06-30 19:22:54');
INSERT INTO "aportes_socios" ("id", "socio_id", "periodo_mes", "periodo_anio", "valor_cuota", "estado_pago", "fecha_pago", "observacion", "created_at", "updated_at") VALUES (10, 2, 2, 2026, 150.00, 'pagado', '2026-02-15', NULL, '2026-06-30 19:22:54', '2026-06-30 19:22:54');
INSERT INTO "aportes_socios" ("id", "socio_id", "periodo_mes", "periodo_anio", "valor_cuota", "estado_pago", "fecha_pago", "observacion", "created_at", "updated_at") VALUES (11, 5, 2, 2026, 0.00, 'exento', NULL, NULL, '2026-06-30 19:22:54', '2026-06-30 19:22:54');
INSERT INTO "aportes_socios" ("id", "socio_id", "periodo_mes", "periodo_anio", "valor_cuota", "estado_pago", "fecha_pago", "observacion", "created_at", "updated_at") VALUES (12, 6, 2, 2026, 75.00, 'pagado', '2026-03-09', NULL, '2026-06-30 19:22:54', '2026-06-30 19:22:54');
INSERT INTO "aportes_socios" ("id", "socio_id", "periodo_mes", "periodo_anio", "valor_cuota", "estado_pago", "fecha_pago", "observacion", "created_at", "updated_at") VALUES (13, 1, 3, 2026, 75.00, 'pagado', '2026-03-03', NULL, '2026-07-09 18:46:54', '2026-07-09 18:46:54');
INSERT INTO "aportes_socios" ("id", "socio_id", "periodo_mes", "periodo_anio", "valor_cuota", "estado_pago", "fecha_pago", "observacion", "created_at", "updated_at") VALUES (14, 3, 3, 2026, 75.00, 'pagado', '2026-06-15', NULL, '2026-07-09 18:46:54', '2026-07-09 18:46:54');
INSERT INTO "aportes_socios" ("id", "socio_id", "periodo_mes", "periodo_anio", "valor_cuota", "estado_pago", "fecha_pago", "observacion", "created_at", "updated_at") VALUES (15, 4, 3, 2026, 75.00, 'pagado', '2026-03-13', NULL, '2026-07-09 18:46:54', '2026-07-09 18:46:54');
INSERT INTO "aportes_socios" ("id", "socio_id", "periodo_mes", "periodo_anio", "valor_cuota", "estado_pago", "fecha_pago", "observacion", "created_at", "updated_at") VALUES (16, 2, 3, 2026, 150.00, 'pagado', '2026-03-05', NULL, '2026-07-09 18:46:54', '2026-07-09 18:46:54');
INSERT INTO "aportes_socios" ("id", "socio_id", "periodo_mes", "periodo_anio", "valor_cuota", "estado_pago", "fecha_pago", "observacion", "created_at", "updated_at") VALUES (17, 5, 3, 2026, 0.00, 'exento', NULL, NULL, '2026-07-09 18:46:54', '2026-07-09 18:46:54');
INSERT INTO "aportes_socios" ("id", "socio_id", "periodo_mes", "periodo_anio", "valor_cuota", "estado_pago", "fecha_pago", "observacion", "created_at", "updated_at") VALUES (18, 6, 3, 2026, 75.00, 'pagado', '2026-03-14', NULL, '2026-07-09 18:46:54', '2026-07-09 18:46:54');
INSERT INTO "aportes_socios" ("id", "socio_id", "periodo_mes", "periodo_anio", "valor_cuota", "estado_pago", "fecha_pago", "observacion", "created_at", "updated_at") VALUES (19, 1, 4, 2026, 75.00, 'pagado', '2026-04-09', NULL, '2026-07-09 18:46:54', '2026-07-09 18:46:54');
INSERT INTO "aportes_socios" ("id", "socio_id", "periodo_mes", "periodo_anio", "valor_cuota", "estado_pago", "fecha_pago", "observacion", "created_at", "updated_at") VALUES (20, 3, 4, 2026, 75.00, 'pagado', '2026-06-15', NULL, '2026-07-09 18:46:54', '2026-07-09 18:46:54');
INSERT INTO "aportes_socios" ("id", "socio_id", "periodo_mes", "periodo_anio", "valor_cuota", "estado_pago", "fecha_pago", "observacion", "created_at", "updated_at") VALUES (21, 4, 4, 2026, 75.00, 'pagado', '2026-04-05', NULL, '2026-07-09 18:46:54', '2026-07-09 18:46:54');
INSERT INTO "aportes_socios" ("id", "socio_id", "periodo_mes", "periodo_anio", "valor_cuota", "estado_pago", "fecha_pago", "observacion", "created_at", "updated_at") VALUES (22, 2, 4, 2026, 150.00, 'pagado', '2026-04-05', NULL, '2026-07-09 18:46:54', '2026-07-09 18:46:54');
INSERT INTO "aportes_socios" ("id", "socio_id", "periodo_mes", "periodo_anio", "valor_cuota", "estado_pago", "fecha_pago", "observacion", "created_at", "updated_at") VALUES (23, 5, 4, 2026, 0.00, 'exento', NULL, NULL, '2026-07-09 18:46:54', '2026-07-09 18:46:54');
INSERT INTO "aportes_socios" ("id", "socio_id", "periodo_mes", "periodo_anio", "valor_cuota", "estado_pago", "fecha_pago", "observacion", "created_at", "updated_at") VALUES (24, 6, 4, 2026, 75.00, 'pagado', '2026-04-05', NULL, '2026-07-09 18:46:54', '2026-07-09 18:46:54');
INSERT INTO "aportes_socios" ("id", "socio_id", "periodo_mes", "periodo_anio", "valor_cuota", "estado_pago", "fecha_pago", "observacion", "created_at", "updated_at") VALUES (25, 1, 5, 2026, 75.00, 'pagado', '2026-05-01', NULL, '2026-07-09 18:46:54', '2026-07-09 18:46:54');
INSERT INTO "aportes_socios" ("id", "socio_id", "periodo_mes", "periodo_anio", "valor_cuota", "estado_pago", "fecha_pago", "observacion", "created_at", "updated_at") VALUES (26, 3, 5, 2026, 75.00, 'pagado', '2026-06-15', NULL, '2026-07-09 18:46:54', '2026-07-09 18:46:54');
INSERT INTO "aportes_socios" ("id", "socio_id", "periodo_mes", "periodo_anio", "valor_cuota", "estado_pago", "fecha_pago", "observacion", "created_at", "updated_at") VALUES (27, 4, 5, 2026, 75.00, 'pagado', '2026-05-01', NULL, '2026-07-09 18:46:54', '2026-07-09 18:46:54');
INSERT INTO "aportes_socios" ("id", "socio_id", "periodo_mes", "periodo_anio", "valor_cuota", "estado_pago", "fecha_pago", "observacion", "created_at", "updated_at") VALUES (28, 2, 5, 2026, 150.00, 'pagado', '2026-05-01', NULL, '2026-07-09 18:46:54', '2026-07-09 18:46:54');
INSERT INTO "aportes_socios" ("id", "socio_id", "periodo_mes", "periodo_anio", "valor_cuota", "estado_pago", "fecha_pago", "observacion", "created_at", "updated_at") VALUES (29, 5, 5, 2026, 0.00, 'exento', NULL, NULL, '2026-07-09 18:46:54', '2026-07-09 18:46:54');
INSERT INTO "aportes_socios" ("id", "socio_id", "periodo_mes", "periodo_anio", "valor_cuota", "estado_pago", "fecha_pago", "observacion", "created_at", "updated_at") VALUES (30, 6, 5, 2026, 75.00, 'pagado', '2026-05-01', NULL, '2026-07-09 18:46:54', '2026-07-09 18:46:54');
INSERT INTO "aportes_socios" ("id", "socio_id", "periodo_mes", "periodo_anio", "valor_cuota", "estado_pago", "fecha_pago", "observacion", "created_at", "updated_at") VALUES (31, 1, 6, 2026, 75.00, 'pagado', '2026-06-02', NULL, '2026-07-09 18:46:54', '2026-07-09 18:46:54');
INSERT INTO "aportes_socios" ("id", "socio_id", "periodo_mes", "periodo_anio", "valor_cuota", "estado_pago", "fecha_pago", "observacion", "created_at", "updated_at") VALUES (32, 3, 6, 2026, 75.00, 'pagado', '2026-06-15', NULL, '2026-07-09 18:46:54', '2026-07-09 18:46:54');
INSERT INTO "aportes_socios" ("id", "socio_id", "periodo_mes", "periodo_anio", "valor_cuota", "estado_pago", "fecha_pago", "observacion", "created_at", "updated_at") VALUES (33, 4, 6, 2026, 75.00, 'pagado', '2026-06-12', NULL, '2026-07-09 18:46:54', '2026-07-09 18:46:54');
INSERT INTO "aportes_socios" ("id", "socio_id", "periodo_mes", "periodo_anio", "valor_cuota", "estado_pago", "fecha_pago", "observacion", "created_at", "updated_at") VALUES (34, 2, 6, 2026, 150.00, 'pagado', '2026-06-12', NULL, '2026-07-09 18:46:54', '2026-07-09 18:46:54');
INSERT INTO "aportes_socios" ("id", "socio_id", "periodo_mes", "periodo_anio", "valor_cuota", "estado_pago", "fecha_pago", "observacion", "created_at", "updated_at") VALUES (35, 5, 6, 2026, 0.00, 'exento', NULL, NULL, '2026-07-09 18:46:54', '2026-07-09 18:46:54');
INSERT INTO "aportes_socios" ("id", "socio_id", "periodo_mes", "periodo_anio", "valor_cuota", "estado_pago", "fecha_pago", "observacion", "created_at", "updated_at") VALUES (36, 6, 6, 2026, 75.00, 'pagado', '2026-06-12', NULL, '2026-07-09 18:46:54', '2026-07-09 18:46:54');
INSERT INTO "aportes_socios" ("id", "socio_id", "periodo_mes", "periodo_anio", "valor_cuota", "estado_pago", "fecha_pago", "observacion", "created_at", "updated_at") VALUES (37, 1, 7, 2026, 75.00, 'pagado', '2026-07-02', NULL, '2026-07-09 18:46:54', '2026-07-09 18:46:54');
INSERT INTO "aportes_socios" ("id", "socio_id", "periodo_mes", "periodo_anio", "valor_cuota", "estado_pago", "fecha_pago", "observacion", "created_at", "updated_at") VALUES (38, 4, 7, 2026, 75.00, 'pagado', '2026-07-01', NULL, '2026-07-09 18:46:54', '2026-07-09 18:46:54');

-- Tabla: categorias_movimiento
INSERT INTO "categorias_movimiento" ("id", "nombre", "tipo", "descripcion", "activo", "created_at", "updated_at") VALUES (1, 'Pago a contador', 'egreso', NULL, true, '2026-06-30 19:22:54', '2026-06-30 19:22:54');
INSERT INTO "categorias_movimiento" ("id", "nombre", "tipo", "descripcion", "activo", "created_at", "updated_at") VALUES (2, 'Movilizacion', 'egreso', NULL, true, '2026-06-30 19:22:54', '2026-06-30 19:22:54');
INSERT INTO "categorias_movimiento" ("id", "nombre", "tipo", "descripcion", "activo", "created_at", "updated_at") VALUES (3, 'Servicios bancarios', 'egreso', NULL, true, '2026-06-30 19:22:54', '2026-06-30 19:22:54');
INSERT INTO "categorias_movimiento" ("id", "nombre", "tipo", "descripcion", "activo", "created_at", "updated_at") VALUES (4, 'Emision de facturas', 'egreso', NULL, true, '2026-06-30 19:22:54', '2026-06-30 19:22:54');
INSERT INTO "categorias_movimiento" ("id", "nombre", "tipo", "descripcion", "activo", "created_at", "updated_at") VALUES (5, 'Diferencia al contador', 'egreso', NULL, true, '2026-06-30 19:22:54', '2026-06-30 19:22:54');
INSERT INTO "categorias_movimiento" ("id", "nombre", "tipo", "descripcion", "activo", "created_at", "updated_at") VALUES (6, 'Chequera', 'egreso', NULL, true, '2026-06-30 19:22:54', '2026-06-30 19:22:54');
INSERT INTO "categorias_movimiento" ("id", "nombre", "tipo", "descripcion", "activo", "created_at", "updated_at") VALUES (7, 'IESS', 'egreso', NULL, true, '2026-06-30 19:22:54', '2026-06-30 19:22:54');
INSERT INTO "categorias_movimiento" ("id", "nombre", "tipo", "descripcion", "activo", "created_at", "updated_at") VALUES (8, 'Protesta de cheques', 'egreso', NULL, true, '2026-06-30 19:22:54', '2026-06-30 19:22:54');
INSERT INTO "categorias_movimiento" ("id", "nombre", "tipo", "descripcion", "activo", "created_at", "updated_at") VALUES (9, 'Renovacion de factura', 'egreso', NULL, true, '2026-06-30 19:22:54', '2026-06-30 19:22:54');
INSERT INTO "categorias_movimiento" ("id", "nombre", "tipo", "descripcion", "activo", "created_at", "updated_at") VALUES (10, 'Aporte agencia de transito', 'egreso', NULL, true, '2026-06-30 19:22:54', '2026-06-30 19:22:54');
INSERT INTO "categorias_movimiento" ("id", "nombre", "tipo", "descripcion", "activo", "created_at", "updated_at") VALUES (11, 'Cuota administrativa', 'ingreso', NULL, true, '2026-06-30 19:22:54', '2026-06-30 19:22:54');
INSERT INTO "categorias_movimiento" ("id", "nombre", "tipo", "descripcion", "activo", "created_at", "updated_at") VALUES (12, 'Valor recibido facturas', 'ingreso', NULL, true, '2026-06-30 19:22:54', '2026-06-30 19:22:54');
INSERT INTO "categorias_movimiento" ("id", "nombre", "tipo", "descripcion", "activo", "created_at", "updated_at") VALUES (13, 'Retencion 3%', 'ingreso', NULL, true, '2026-06-30 19:22:54', '2026-06-30 19:22:54');
INSERT INTO "categorias_movimiento" ("id", "nombre", "tipo", "descripcion", "activo", "created_at", "updated_at") VALUES (14, 'Prueba', 'ingreso', NULL, true, '2026-07-08 02:05:12', '2026-07-08 02:05:12');
INSERT INTO "categorias_movimiento" ("id", "nombre", "tipo", "descripcion", "activo", "created_at", "updated_at") VALUES (15, 'Pago a la Marea', 'egreso', NULL, true, '2026-07-09 18:46:54', '2026-07-09 18:46:54');
INSERT INTO "categorias_movimiento" ("id", "nombre", "tipo", "descripcion", "activo", "created_at", "updated_at") VALUES (16, 'Permiso Bomberos', 'egreso', NULL, true, '2026-07-09 18:46:54', '2026-07-09 18:46:54');
INSERT INTO "categorias_movimiento" ("id", "nombre", "tipo", "descripcion", "activo", "created_at", "updated_at") VALUES (17, 'Informe Comisario', 'egreso', NULL, true, '2026-07-09 18:46:54', '2026-07-09 18:46:54');
INSERT INTO "categorias_movimiento" ("id", "nombre", "tipo", "descripcion", "activo", "created_at", "updated_at") VALUES (18, 'Declaracion Impuestos', 'egreso', NULL, true, '2026-07-09 18:46:54', '2026-07-09 18:46:54');
INSERT INTO "categorias_movimiento" ("id", "nombre", "tipo", "descripcion", "activo", "created_at", "updated_at") VALUES (19, 'Declaracion IVA', 'egreso', NULL, true, '2026-07-09 18:46:54', '2026-07-09 18:46:54');
INSERT INTO "categorias_movimiento" ("id", "nombre", "tipo", "descripcion", "activo", "created_at", "updated_at") VALUES (20, 'Declaracion Retencion', 'egreso', NULL, true, '2026-07-09 18:46:54', '2026-07-09 18:46:54');
INSERT INTO "categorias_movimiento" ("id", "nombre", "tipo", "descripcion", "activo", "created_at", "updated_at") VALUES (21, 'Retencion anos anteriores', 'egreso', NULL, true, '2026-07-09 18:46:54', '2026-07-09 18:46:54');
INSERT INTO "categorias_movimiento" ("id", "nombre", "tipo", "descripcion", "activo", "created_at", "updated_at") VALUES (22, 'Super de Companias', 'egreso', NULL, true, '2026-07-09 18:46:54', '2026-07-09 18:46:54');
INSERT INTO "categorias_movimiento" ("id", "nombre", "tipo", "descripcion", "activo", "created_at", "updated_at") VALUES (23, 'Patentes y Licencias', 'egreso', NULL, true, '2026-07-09 18:46:54', '2026-07-09 18:46:54');
INSERT INTO "categorias_movimiento" ("id", "nombre", "tipo", "descripcion", "activo", "created_at", "updated_at") VALUES (24, 'Hojas y tinta', 'egreso', NULL, true, '2026-07-09 18:46:54', '2026-07-09 18:46:54');
INSERT INTO "categorias_movimiento" ("id", "nombre", "tipo", "descripcion", "activo", "created_at", "updated_at") VALUES (25, 'Tramite Bomberos', 'egreso', NULL, true, '2026-07-09 18:46:54', '2026-07-09 18:46:54');
INSERT INTO "categorias_movimiento" ("id", "nombre", "tipo", "descripcion", "activo", "created_at", "updated_at") VALUES (26, 'Certificado Bancario', 'egreso', NULL, true, '2026-07-09 18:46:54', '2026-07-09 18:46:54');

-- Tabla: clientes
INSERT INTO "clientes" ("id", "razon_social", "ruc", "contacto", "telefono", "email", "direccion", "activo", "created_at", "updated_at", "deleted_at") VALUES (1, 'ECUANATICA S.A', 'ECUA001', NULL, NULL, NULL, NULL, true, '2026-06-30 19:22:54', '2026-06-30 19:22:54', NULL);
INSERT INTO "clientes" ("id", "razon_social", "ruc", "contacto", "telefono", "email", "direccion", "activo", "created_at", "updated_at", "deleted_at") VALUES (2, 'PACIFICTUNA S.A', 'PAC001', NULL, NULL, NULL, NULL, true, '2026-06-30 19:22:54', '2026-06-30 19:22:54', NULL);
INSERT INTO "clientes" ("id", "razon_social", "ruc", "contacto", "telefono", "email", "direccion", "activo", "created_at", "updated_at", "deleted_at") VALUES (3, 'TRABEL AGENCY MEETECUADOR', 'TRABEL001', NULL, NULL, NULL, NULL, true, '2026-06-30 19:22:54', '2026-06-30 19:22:54', NULL);
INSERT INTO "clientes" ("id", "razon_social", "ruc", "contacto", "telefono", "email", "direccion", "activo", "created_at", "updated_at", "deleted_at") VALUES (4, 'MOKACHINOEXPRES S.A', 'MOKA001', NULL, NULL, NULL, NULL, true, '2026-06-30 19:22:54', '2026-06-30 19:22:54', NULL);
INSERT INTO "clientes" ("id", "razon_social", "ruc", "contacto", "telefono", "email", "direccion", "activo", "created_at", "updated_at", "deleted_at") VALUES (5, 'GUAYATUNA S.A', 'GUAYA001', NULL, NULL, NULL, NULL, true, '2026-06-30 19:22:54', '2026-06-30 19:22:54', NULL);
INSERT INTO "clientes" ("id", "razon_social", "ruc", "contacto", "telefono", "email", "direccion", "activo", "created_at", "updated_at", "deleted_at") VALUES (6, 'FUNDACION GRUPOS MISIONEROS', 'FUNDACIONG', NULL, NULL, NULL, NULL, true, '2026-07-09 20:15:14', '2026-07-09 20:15:14', NULL);
INSERT INTO "clientes" ("id", "razon_social", "ruc", "contacto", "telefono", "email", "direccion", "activo", "created_at", "updated_at", "deleted_at") VALUES (7, 'SAMAY ADVENTURES', 'SAMAYADVEN', NULL, NULL, NULL, NULL, true, '2026-07-09 20:15:14', '2026-07-09 20:15:14', NULL);
INSERT INTO "clientes" ("id", "razon_social", "ruc", "contacto", "telefono", "email", "direccion", "activo", "created_at", "updated_at", "deleted_at") VALUES (8, 'VALDIVIESO TAPIA IAN', 'VALDIVIESO', NULL, NULL, NULL, NULL, true, '2026-07-09 20:15:14', '2026-07-09 20:15:14', NULL);
INSERT INTO "clientes" ("id", "razon_social", "ruc", "contacto", "telefono", "email", "direccion", "activo", "created_at", "updated_at", "deleted_at") VALUES (9, 'KELVIN SOLORZANO', 'KELVINSOLO', NULL, NULL, NULL, NULL, true, '2026-07-09 20:15:14', '2026-07-09 20:15:14', NULL);
INSERT INTO "clientes" ("id", "razon_social", "ruc", "contacto", "telefono", "email", "direccion", "activo", "created_at", "updated_at", "deleted_at") VALUES (10, 'MARIA SOLEDAD NAVAS', 'MARIASOLED', NULL, NULL, NULL, NULL, true, '2026-07-09 20:19:55', '2026-07-09 20:19:55', NULL);
INSERT INTO "clientes" ("id", "razon_social", "ruc", "contacto", "telefono", "email", "direccion", "activo", "created_at", "updated_at", "deleted_at") VALUES (11, 'IGLESIA DE JESUCRISTO', 'IGLESIADEJ', NULL, NULL, NULL, NULL, true, '2026-07-09 20:19:55', '2026-07-09 20:19:55', NULL);
INSERT INTO "clientes" ("id", "razon_social", "ruc", "contacto", "telefono", "email", "direccion", "activo", "created_at", "updated_at", "deleted_at") VALUES (12, 'FLAVIO MENDOZA', 'FLAVIOMEND', NULL, NULL, NULL, NULL, true, '2026-07-09 20:19:55', '2026-07-09 20:19:55', NULL);
INSERT INTO "clientes" ("id", "razon_social", "ruc", "contacto", "telefono", "email", "direccion", "activo", "created_at", "updated_at", "deleted_at") VALUES (13, 'PINTURAS EL MAESTRO', 'PINTURASEL', NULL, NULL, NULL, NULL, true, '2026-07-09 20:19:55', '2026-07-09 20:19:55', NULL);
INSERT INTO "clientes" ("id", "razon_social", "ruc", "contacto", "telefono", "email", "direccion", "activo", "created_at", "updated_at", "deleted_at") VALUES (14, 'ALEX PAREDES', 'ALEX001', NULL, NULL, NULL, NULL, true, '2026-07-09 20:47:23', '2026-07-09 20:47:23', NULL);
INSERT INTO "clientes" ("id", "razon_social", "ruc", "contacto", "telefono", "email", "direccion", "activo", "created_at", "updated_at", "deleted_at") VALUES (15, 'UNIVERSIDAD UTE', 'UTE001', NULL, NULL, NULL, NULL, true, '2026-07-09 20:47:23', '2026-07-09 20:47:23', NULL);
INSERT INTO "clientes" ("id", "razon_social", "ruc", "contacto", "telefono", "email", "direccion", "activo", "created_at", "updated_at", "deleted_at") VALUES (16, 'NARWELL TOURS', 'NARW001', NULL, NULL, NULL, NULL, true, '2026-07-09 20:47:23', '2026-07-09 20:47:23', NULL);
INSERT INTO "clientes" ("id", "razon_social", "ruc", "contacto", "telefono", "email", "direccion", "activo", "created_at", "updated_at", "deleted_at") VALUES (17, 'ANDESPORTS S.A.', 'ANDE001', NULL, NULL, NULL, NULL, true, '2026-07-09 20:47:23', '2026-07-09 20:47:23', NULL);
INSERT INTO "clientes" ("id", "razon_social", "ruc", "contacto", "telefono", "email", "direccion", "activo", "created_at", "updated_at", "deleted_at") VALUES (18, 'VANSERTRANS S.A', 'VANS001', NULL, NULL, NULL, NULL, true, '2026-07-09 20:47:23', '2026-07-09 20:47:23', NULL);
INSERT INTO "clientes" ("id", "razon_social", "ruc", "contacto", "telefono", "email", "direccion", "activo", "created_at", "updated_at", "deleted_at") VALUES (19, 'HOTEL ORO VERDE MANDA', 'OROV001', NULL, NULL, NULL, NULL, true, '2026-07-09 20:47:23', '2026-07-09 20:47:23', NULL);
INSERT INTO "clientes" ("id", "razon_social", "ruc", "contacto", "telefono", "email", "direccion", "activo", "created_at", "updated_at", "deleted_at") VALUES (20, 'TRAVEL AGENCY MEETECUADOR', 'TRAV001', NULL, NULL, NULL, NULL, true, '2026-07-09 20:47:23', '2026-07-09 20:47:23', NULL);
INSERT INTO "clientes" ("id", "razon_social", "ruc", "contacto", "telefono", "email", "direccion", "activo", "created_at", "updated_at", "deleted_at") VALUES (21, 'CARRILLO CHICO REGULO', 'CARR001', NULL, NULL, NULL, NULL, true, '2026-07-09 20:47:23', '2026-07-09 20:47:23', NULL);
INSERT INTO "clientes" ("id", "razon_social", "ruc", "contacto", "telefono", "email", "direccion", "activo", "created_at", "updated_at", "deleted_at") VALUES (22, 'SWEADEN S.A', 'SWEA001', NULL, NULL, NULL, NULL, true, '2026-07-09 20:47:23', '2026-07-09 20:47:23', NULL);
INSERT INTO "clientes" ("id", "razon_social", "ruc", "contacto", "telefono", "email", "direccion", "activo", "created_at", "updated_at", "deleted_at") VALUES (23, 'GRUPO MANCHENO', 'GRUP001', NULL, NULL, NULL, NULL, true, '2026-07-09 20:47:23', '2026-07-09 20:47:23', NULL);
INSERT INTO "clientes" ("id", "razon_social", "ruc", "contacto", "telefono", "email", "direccion", "activo", "created_at", "updated_at", "deleted_at") VALUES (24, 'TRANSEPICENTRO S.A', 'TRANS001', NULL, NULL, NULL, NULL, true, '2026-07-09 20:47:23', '2026-07-09 20:47:23', NULL);
INSERT INTO "clientes" ("id", "razon_social", "ruc", "contacto", "telefono", "email", "direccion", "activo", "created_at", "updated_at", "deleted_at") VALUES (25, 'CHIGUANO YANGUISELA MARCO', 'CHIG001', NULL, NULL, NULL, NULL, true, '2026-07-09 20:47:23', '2026-07-09 20:47:23', NULL);
INSERT INTO "clientes" ("id", "razon_social", "ruc", "contacto", "telefono", "email", "direccion", "activo", "created_at", "updated_at", "deleted_at") VALUES (26, 'ANULADA', 'ANULADA', NULL, NULL, NULL, NULL, true, '2026-07-09 20:47:23', '2026-07-09 20:47:37', '2026-07-09 20:47:37');

-- Tabla: factura_distribuciones
INSERT INTO "factura_distribuciones" ("id", "factura_id", "socio_destino_id", "tipo_distribucion", "valor", "porcentaje", "observacion", "created_at", "updated_at", "base_calculo") VALUES (4, 2, 2, 'interna', 2.50, 1.00, 'Distribucion 1%', '2026-06-30 19:22:54', '2026-06-30 19:22:54', NULL);
INSERT INTO "factura_distribuciones" ("id", "factura_id", "socio_destino_id", "tipo_distribucion", "valor", "porcentaje", "observacion", "created_at", "updated_at", "base_calculo") VALUES (7, 3, 2, 'interna', 5.50, 1.00, 'Distribucion 1%', '2026-06-30 19:22:54', '2026-06-30 19:22:54', NULL);
INSERT INTO "factura_distribuciones" ("id", "factura_id", "socio_destino_id", "tipo_distribucion", "valor", "porcentaje", "observacion", "created_at", "updated_at", "base_calculo") VALUES (12, 5, 1, 'interna', 4.00, 1.00, 'Distribucion 1%', '2026-06-30 19:22:54', '2026-06-30 19:22:54', NULL);
INSERT INTO "factura_distribuciones" ("id", "factura_id", "socio_destino_id", "tipo_distribucion", "valor", "porcentaje", "observacion", "created_at", "updated_at", "base_calculo") VALUES (16, 7, 1, 'interna', 4.76, 1.00, 'Distribucion 1%', '2026-06-30 19:22:54', '2026-06-30 19:22:54', NULL);
INSERT INTO "factura_distribuciones" ("id", "factura_id", "socio_destino_id", "tipo_distribucion", "valor", "porcentaje", "observacion", "created_at", "updated_at", "base_calculo") VALUES (17, 8, 1, 'interna', 1.55, 1.00, 'Distribucion 1%', '2026-06-30 19:22:54', '2026-06-30 19:22:54', NULL);
INSERT INTO "factura_distribuciones" ("id", "factura_id", "socio_destino_id", "tipo_distribucion", "valor", "porcentaje", "observacion", "created_at", "updated_at", "base_calculo") VALUES (19, 9, 1, 'interna', 4.40, 1.00, 'Distribucion 1%', '2026-06-30 19:22:54', '2026-06-30 19:22:54', NULL);
INSERT INTO "factura_distribuciones" ("id", "factura_id", "socio_destino_id", "tipo_distribucion", "valor", "porcentaje", "observacion", "created_at", "updated_at", "base_calculo") VALUES (20, 1, 1, 'interna', 1.65, 1.00, 'Distribucion 1%', '2026-07-09 17:32:53', '2026-07-09 17:32:53', 165.00);
INSERT INTO "factura_distribuciones" ("id", "factura_id", "socio_destino_id", "tipo_distribucion", "valor", "porcentaje", "observacion", "created_at", "updated_at", "base_calculo") VALUES (23, 10, 2, 'interna', 4.80, 1.00, 'Distribucion 1%', '2026-07-09 20:15:14', '2026-07-09 20:15:14', NULL);
INSERT INTO "factura_distribuciones" ("id", "factura_id", "socio_destino_id", "tipo_distribucion", "valor", "porcentaje", "observacion", "created_at", "updated_at", "base_calculo") VALUES (24, 11, 1, 'interna', 1.70, 1.00, 'Distribucion 1%', '2026-07-09 20:15:14', '2026-07-09 20:15:14', NULL);
INSERT INTO "factura_distribuciones" ("id", "factura_id", "socio_destino_id", "tipo_distribucion", "valor", "porcentaje", "observacion", "created_at", "updated_at", "base_calculo") VALUES (25, 12, 1, 'interna', 2.88, 1.00, 'Distribucion 1%', '2026-07-09 20:15:14', '2026-07-09 20:15:14', NULL);
INSERT INTO "factura_distribuciones" ("id", "factura_id", "socio_destino_id", "tipo_distribucion", "valor", "porcentaje", "observacion", "created_at", "updated_at", "base_calculo") VALUES (26, 13, 1, 'interna', 1.60, 1.00, 'Distribucion 1%', '2026-07-09 20:15:14', '2026-07-09 20:15:14', NULL);
INSERT INTO "factura_distribuciones" ("id", "factura_id", "socio_destino_id", "tipo_distribucion", "valor", "porcentaje", "observacion", "created_at", "updated_at", "base_calculo") VALUES (27, 14, 1, 'interna', 4.86, 1.00, 'Distribucion 1%', '2026-07-09 20:15:14', '2026-07-09 20:15:14', NULL);
INSERT INTO "factura_distribuciones" ("id", "factura_id", "socio_destino_id", "tipo_distribucion", "valor", "porcentaje", "observacion", "created_at", "updated_at", "base_calculo") VALUES (28, 15, 1, 'interna', 0.83, 1.00, 'Distribucion 1%', '2026-07-09 20:15:14', '2026-07-09 20:15:14', NULL);
INSERT INTO "factura_distribuciones" ("id", "factura_id", "socio_destino_id", "tipo_distribucion", "valor", "porcentaje", "observacion", "created_at", "updated_at", "base_calculo") VALUES (29, 16, 4, 'interna', 1.50, 1.00, 'Distribucion 1%', '2026-07-09 20:15:14', '2026-07-09 20:15:14', NULL);
INSERT INTO "factura_distribuciones" ("id", "factura_id", "socio_destino_id", "tipo_distribucion", "valor", "porcentaje", "observacion", "created_at", "updated_at", "base_calculo") VALUES (30, 19, 1, 'interna', 4.12, 1.00, 'Distribucion 1%', '2026-07-09 20:15:14', '2026-07-09 20:15:14', NULL);
INSERT INTO "factura_distribuciones" ("id", "factura_id", "socio_destino_id", "tipo_distribucion", "valor", "porcentaje", "observacion", "created_at", "updated_at", "base_calculo") VALUES (31, 20, 1, 'interna', 1.60, 1.00, 'Distribucion 1%', '2026-07-09 20:15:14', '2026-07-09 20:15:14', NULL);
INSERT INTO "factura_distribuciones" ("id", "factura_id", "socio_destino_id", "tipo_distribucion", "valor", "porcentaje", "observacion", "created_at", "updated_at", "base_calculo") VALUES (32, 24, 2, 'interna', 10.80, 1.00, 'Distribucion 1%', '2026-07-09 20:20:14', '2026-07-09 20:20:14', NULL);
INSERT INTO "factura_distribuciones" ("id", "factura_id", "socio_destino_id", "tipo_distribucion", "valor", "porcentaje", "observacion", "created_at", "updated_at", "base_calculo") VALUES (33, 27, 2, 'interna', 2.00, 1.00, 'Distribucion 1%', '2026-07-09 20:20:14', '2026-07-09 20:20:14', NULL);
INSERT INTO "factura_distribuciones" ("id", "factura_id", "socio_destino_id", "tipo_distribucion", "valor", "porcentaje", "observacion", "created_at", "updated_at", "base_calculo") VALUES (34, 28, 4, 'interna', 6.00, 1.00, 'Distribucion 1%', '2026-07-09 20:20:14', '2026-07-09 20:20:14', NULL);
INSERT INTO "factura_distribuciones" ("id", "factura_id", "socio_destino_id", "tipo_distribucion", "valor", "porcentaje", "observacion", "created_at", "updated_at", "base_calculo") VALUES (35, 29, 1, 'interna', 1.60, 1.00, 'Distribucion 1%', '2026-07-09 20:20:14', '2026-07-09 20:20:14', NULL);
INSERT INTO "factura_distribuciones" ("id", "factura_id", "socio_destino_id", "tipo_distribucion", "valor", "porcentaje", "observacion", "created_at", "updated_at", "base_calculo") VALUES (36, 30, 2, 'interna', 5.00, 1.00, 'Distribucion 1%', '2026-07-09 20:20:14', '2026-07-09 20:20:14', NULL);
INSERT INTO "factura_distribuciones" ("id", "factura_id", "socio_destino_id", "tipo_distribucion", "valor", "porcentaje", "observacion", "created_at", "updated_at", "base_calculo") VALUES (37, 31, 1, 'interna', 1.50, 1.00, 'Distribucion 1%', '2026-07-09 20:20:14', '2026-07-09 20:20:14', NULL);
INSERT INTO "factura_distribuciones" ("id", "factura_id", "socio_destino_id", "tipo_distribucion", "valor", "porcentaje", "observacion", "created_at", "updated_at", "base_calculo") VALUES (38, 32, 1, 'interna', 7.50, 1.00, 'Distribucion 1%', '2026-07-09 20:20:14', '2026-07-09 20:20:14', NULL);
INSERT INTO "factura_distribuciones" ("id", "factura_id", "socio_destino_id", "tipo_distribucion", "valor", "porcentaje", "observacion", "created_at", "updated_at", "base_calculo") VALUES (58, 43, 1, 'interna', 3.74, 1.00, 'Distribucion 1%', '2026-07-09 20:47:23', '2026-07-09 20:47:23', NULL);
INSERT INTO "factura_distribuciones" ("id", "factura_id", "socio_destino_id", "tipo_distribucion", "valor", "porcentaje", "observacion", "created_at", "updated_at", "base_calculo") VALUES (59, 44, 1, 'interna', 3.03, 1.00, 'Distribucion 1%', '2026-07-09 20:47:23', '2026-07-09 20:47:23', NULL);
INSERT INTO "factura_distribuciones" ("id", "factura_id", "socio_destino_id", "tipo_distribucion", "valor", "porcentaje", "observacion", "created_at", "updated_at", "base_calculo") VALUES (60, 45, 1, 'interna', 3.01, 1.00, 'Distribucion 1%', '2026-07-09 20:47:23', '2026-07-09 20:47:23', NULL);
INSERT INTO "factura_distribuciones" ("id", "factura_id", "socio_destino_id", "tipo_distribucion", "valor", "porcentaje", "observacion", "created_at", "updated_at", "base_calculo") VALUES (61, 46, 2, 'interna', 9.00, 1.00, 'Distribucion 1%', '2026-07-09 20:47:23', '2026-07-09 20:47:23', NULL);
INSERT INTO "factura_distribuciones" ("id", "factura_id", "socio_destino_id", "tipo_distribucion", "valor", "porcentaje", "observacion", "created_at", "updated_at", "base_calculo") VALUES (62, 48, 2, 'interna', 0.90, 1.00, 'Distribucion 1%', '2026-07-09 20:47:23', '2026-07-09 20:47:23', NULL);
INSERT INTO "factura_distribuciones" ("id", "factura_id", "socio_destino_id", "tipo_distribucion", "valor", "porcentaje", "observacion", "created_at", "updated_at", "base_calculo") VALUES (63, 49, 2, 'interna', 4.00, 1.00, 'Distribucion 1%', '2026-07-09 20:47:23', '2026-07-09 20:47:23', NULL);
INSERT INTO "factura_distribuciones" ("id", "factura_id", "socio_destino_id", "tipo_distribucion", "valor", "porcentaje", "observacion", "created_at", "updated_at", "base_calculo") VALUES (64, 50, 1, 'interna', 6.75, 1.00, 'Distribucion 1%', '2026-07-09 20:47:23', '2026-07-09 20:47:23', NULL);
INSERT INTO "factura_distribuciones" ("id", "factura_id", "socio_destino_id", "tipo_distribucion", "valor", "porcentaje", "observacion", "created_at", "updated_at", "base_calculo") VALUES (65, 51, 1, 'interna', 0.80, 1.00, 'Distribucion 1%', '2026-07-09 20:47:23', '2026-07-09 20:47:23', NULL);
INSERT INTO "factura_distribuciones" ("id", "factura_id", "socio_destino_id", "tipo_distribucion", "valor", "porcentaje", "observacion", "created_at", "updated_at", "base_calculo") VALUES (66, 52, 1, 'interna', 0.80, 1.00, 'Distribucion 1%', '2026-07-09 20:47:23', '2026-07-09 20:47:23', NULL);
INSERT INTO "factura_distribuciones" ("id", "factura_id", "socio_destino_id", "tipo_distribucion", "valor", "porcentaje", "observacion", "created_at", "updated_at", "base_calculo") VALUES (67, 54, 4, 'interna', 4.00, 1.00, 'Distribucion 1%', '2026-07-09 20:47:23', '2026-07-09 20:47:23', NULL);
INSERT INTO "factura_distribuciones" ("id", "factura_id", "socio_destino_id", "tipo_distribucion", "valor", "porcentaje", "observacion", "created_at", "updated_at", "base_calculo") VALUES (68, 55, 2, 'interna', 6.50, 1.00, 'Distribucion 1%', '2026-07-09 20:47:23', '2026-07-09 20:47:23', NULL);
INSERT INTO "factura_distribuciones" ("id", "factura_id", "socio_destino_id", "tipo_distribucion", "valor", "porcentaje", "observacion", "created_at", "updated_at", "base_calculo") VALUES (69, 56, 2, 'interna', 10.80, 1.00, 'Distribucion 1%', '2026-07-09 20:47:23', '2026-07-09 20:47:23', NULL);
INSERT INTO "factura_distribuciones" ("id", "factura_id", "socio_destino_id", "tipo_distribucion", "valor", "porcentaje", "observacion", "created_at", "updated_at", "base_calculo") VALUES (70, 58, 1, 'interna', 4.78, 1.00, 'Distribucion 1%', '2026-07-09 20:47:23', '2026-07-09 20:47:23', NULL);
INSERT INTO "factura_distribuciones" ("id", "factura_id", "socio_destino_id", "tipo_distribucion", "valor", "porcentaje", "observacion", "created_at", "updated_at", "base_calculo") VALUES (71, 59, 2, 'interna', 6.00, 1.00, 'Distribucion 1%', '2026-07-09 20:47:23', '2026-07-09 20:47:23', NULL);
INSERT INTO "factura_distribuciones" ("id", "factura_id", "socio_destino_id", "tipo_distribucion", "valor", "porcentaje", "observacion", "created_at", "updated_at", "base_calculo") VALUES (72, 60, 1, 'interna', 4.62, 1.00, 'Distribucion 1%', '2026-07-09 20:47:23', '2026-07-09 20:47:23', NULL);

-- Tabla: factura_retenciones
INSERT INTO "factura_retenciones" ("id", "factura_id", "tipo_retencion_id", "porcentaje", "base_calculo", "valor_retencion", "estado", "created_at", "updated_at") VALUES (2, 2, 2, 3.00, 247.50, 7.42, 'activo', '2026-06-30 19:22:54', '2026-06-30 19:22:54');
INSERT INTO "factura_retenciones" ("id", "factura_id", "tipo_retencion_id", "porcentaje", "base_calculo", "valor_retencion", "estado", "created_at", "updated_at") VALUES (3, 3, 2, 3.00, 544.50, 16.34, 'activo', '2026-06-30 19:22:54', '2026-06-30 19:22:54');
INSERT INTO "factura_retenciones" ("id", "factura_id", "tipo_retencion_id", "porcentaje", "base_calculo", "valor_retencion", "estado", "created_at", "updated_at") VALUES (4, 4, 2, 3.00, 300.00, 9.00, 'activo', '2026-06-30 19:22:54', '2026-06-30 19:22:54');
INSERT INTO "factura_retenciones" ("id", "factura_id", "tipo_retencion_id", "porcentaje", "base_calculo", "valor_retencion", "estado", "created_at", "updated_at") VALUES (5, 5, 2, 3.00, 396.00, 11.88, 'activo', '2026-06-30 19:22:54', '2026-06-30 19:22:54');
INSERT INTO "factura_retenciones" ("id", "factura_id", "tipo_retencion_id", "porcentaje", "base_calculo", "valor_retencion", "estado", "created_at", "updated_at") VALUES (6, 6, 2, 3.00, 75.00, 2.25, 'activo', '2026-06-30 19:22:54', '2026-06-30 19:22:54');
INSERT INTO "factura_retenciones" ("id", "factura_id", "tipo_retencion_id", "porcentaje", "base_calculo", "valor_retencion", "estado", "created_at", "updated_at") VALUES (7, 7, 2, 3.00, 470.75, 14.12, 'activo', '2026-06-30 19:22:54', '2026-06-30 19:22:54');
INSERT INTO "factura_retenciones" ("id", "factura_id", "tipo_retencion_id", "porcentaje", "base_calculo", "valor_retencion", "estado", "created_at", "updated_at") VALUES (8, 8, 2, 3.00, 153.45, 4.60, 'activo', '2026-06-30 19:22:54', '2026-06-30 19:22:54');
INSERT INTO "factura_retenciones" ("id", "factura_id", "tipo_retencion_id", "porcentaje", "base_calculo", "valor_retencion", "estado", "created_at", "updated_at") VALUES (9, 9, 2, 3.00, 435.60, 13.07, 'activo', '2026-06-30 19:22:54', '2026-06-30 19:22:54');
INSERT INTO "factura_retenciones" ("id", "factura_id", "tipo_retencion_id", "porcentaje", "base_calculo", "valor_retencion", "estado", "created_at", "updated_at") VALUES (10, 1, 2, 3.00, 163.35, 4.90, 'activo', '2026-07-09 17:32:53', '2026-07-09 17:32:53');
INSERT INTO "factura_retenciones" ("id", "factura_id", "tipo_retencion_id", "porcentaje", "base_calculo", "valor_retencion", "estado", "created_at", "updated_at") VALUES (11, 10, 2, 3.00, 475.20, 14.26, 'activo', '2026-07-09 20:15:14', '2026-07-09 20:15:14');
INSERT INTO "factura_retenciones" ("id", "factura_id", "tipo_retencion_id", "porcentaje", "base_calculo", "valor_retencion", "estado", "created_at", "updated_at") VALUES (12, 11, 2, 3.00, 168.30, 5.05, 'activo', '2026-07-09 20:15:14', '2026-07-09 20:15:14');
INSERT INTO "factura_retenciones" ("id", "factura_id", "tipo_retencion_id", "porcentaje", "base_calculo", "valor_retencion", "estado", "created_at", "updated_at") VALUES (13, 12, 2, 3.00, 285.12, 8.55, 'activo', '2026-07-09 20:15:14', '2026-07-09 20:15:14');
INSERT INTO "factura_retenciones" ("id", "factura_id", "tipo_retencion_id", "porcentaje", "base_calculo", "valor_retencion", "estado", "created_at", "updated_at") VALUES (14, 13, 2, 3.00, 158.40, 4.75, 'activo', '2026-07-09 20:15:14', '2026-07-09 20:15:14');
INSERT INTO "factura_retenciones" ("id", "factura_id", "tipo_retencion_id", "porcentaje", "base_calculo", "valor_retencion", "estado", "created_at", "updated_at") VALUES (15, 14, 2, 3.00, 481.14, 14.43, 'activo', '2026-07-09 20:15:14', '2026-07-09 20:15:14');
INSERT INTO "factura_retenciones" ("id", "factura_id", "tipo_retencion_id", "porcentaje", "base_calculo", "valor_retencion", "estado", "created_at", "updated_at") VALUES (17, 16, 2, 3.00, 148.50, 4.46, 'activo', '2026-07-09 20:15:14', '2026-07-09 20:15:14');
INSERT INTO "factura_retenciones" ("id", "factura_id", "tipo_retencion_id", "porcentaje", "base_calculo", "valor_retencion", "estado", "created_at", "updated_at") VALUES (18, 17, 2, 3.00, 2240.00, 67.20, 'activo', '2026-07-09 20:15:14', '2026-07-09 20:15:14');
INSERT INTO "factura_retenciones" ("id", "factura_id", "tipo_retencion_id", "porcentaje", "base_calculo", "valor_retencion", "estado", "created_at", "updated_at") VALUES (19, 18, 2, 3.00, 1000.00, 30.00, 'activo', '2026-07-09 20:15:14', '2026-07-09 20:15:14');
INSERT INTO "factura_retenciones" ("id", "factura_id", "tipo_retencion_id", "porcentaje", "base_calculo", "valor_retencion", "estado", "created_at", "updated_at") VALUES (20, 19, 2, 3.00, 407.88, 12.24, 'activo', '2026-07-09 20:15:14', '2026-07-09 20:15:14');
INSERT INTO "factura_retenciones" ("id", "factura_id", "tipo_retencion_id", "porcentaje", "base_calculo", "valor_retencion", "estado", "created_at", "updated_at") VALUES (21, 20, 2, 3.00, 158.40, 4.75, 'activo', '2026-07-09 20:15:14', '2026-07-09 20:15:14');
INSERT INTO "factura_retenciones" ("id", "factura_id", "tipo_retencion_id", "porcentaje", "base_calculo", "valor_retencion", "estado", "created_at", "updated_at") VALUES (16, 15, 2, 3.00, 82.17, 2.46, 'activo', '2026-07-09 20:15:14', '2026-07-09 20:17:03');
INSERT INTO "factura_retenciones" ("id", "factura_id", "tipo_retencion_id", "porcentaje", "base_calculo", "valor_retencion", "estado", "created_at", "updated_at") VALUES (22, 21, 2, 3.00, 240.00, 7.20, 'activo', '2026-07-09 20:20:14', '2026-07-09 20:20:14');
INSERT INTO "factura_retenciones" ("id", "factura_id", "tipo_retencion_id", "porcentaje", "base_calculo", "valor_retencion", "estado", "created_at", "updated_at") VALUES (23, 22, 2, 3.00, 60.00, 1.80, 'activo', '2026-07-09 20:20:14', '2026-07-09 20:20:14');
INSERT INTO "factura_retenciones" ("id", "factura_id", "tipo_retencion_id", "porcentaje", "base_calculo", "valor_retencion", "estado", "created_at", "updated_at") VALUES (24, 23, 2, 3.00, 390.00, 9.60, 'activo', '2026-07-09 20:20:14', '2026-07-09 20:20:14');
INSERT INTO "factura_retenciones" ("id", "factura_id", "tipo_retencion_id", "porcentaje", "base_calculo", "valor_retencion", "estado", "created_at", "updated_at") VALUES (25, 24, 2, 3.00, 1069.20, 32.08, 'activo', '2026-07-09 20:20:14', '2026-07-09 20:20:14');
INSERT INTO "factura_retenciones" ("id", "factura_id", "tipo_retencion_id", "porcentaje", "base_calculo", "valor_retencion", "estado", "created_at", "updated_at") VALUES (26, 25, 2, 3.00, 450.00, 13.50, 'activo', '2026-07-09 20:20:14', '2026-07-09 20:20:14');
INSERT INTO "factura_retenciones" ("id", "factura_id", "tipo_retencion_id", "porcentaje", "base_calculo", "valor_retencion", "estado", "created_at", "updated_at") VALUES (27, 26, 2, 3.00, 700.00, 21.00, 'activo', '2026-07-09 20:20:14', '2026-07-09 20:20:14');
INSERT INTO "factura_retenciones" ("id", "factura_id", "tipo_retencion_id", "porcentaje", "base_calculo", "valor_retencion", "estado", "created_at", "updated_at") VALUES (28, 27, 2, 3.00, 198.00, 5.94, 'activo', '2026-07-09 20:20:14', '2026-07-09 20:20:14');
INSERT INTO "factura_retenciones" ("id", "factura_id", "tipo_retencion_id", "porcentaje", "base_calculo", "valor_retencion", "estado", "created_at", "updated_at") VALUES (29, 28, 2, 3.00, 594.00, 17.82, 'activo', '2026-07-09 20:20:14', '2026-07-09 20:20:14');
INSERT INTO "factura_retenciones" ("id", "factura_id", "tipo_retencion_id", "porcentaje", "base_calculo", "valor_retencion", "estado", "created_at", "updated_at") VALUES (31, 30, 2, 3.00, 495.00, 14.85, 'activo', '2026-07-09 20:20:14', '2026-07-09 20:20:14');
INSERT INTO "factura_retenciones" ("id", "factura_id", "tipo_retencion_id", "porcentaje", "base_calculo", "valor_retencion", "estado", "created_at", "updated_at") VALUES (32, 31, 2, 3.00, 148.50, 4.46, 'activo', '2026-07-09 20:20:14', '2026-07-09 20:20:14');
INSERT INTO "factura_retenciones" ("id", "factura_id", "tipo_retencion_id", "porcentaje", "base_calculo", "valor_retencion", "estado", "created_at", "updated_at") VALUES (33, 32, 2, 3.00, 742.50, 22.28, 'activo', '2026-07-09 20:20:14', '2026-07-09 20:20:14');
INSERT INTO "factura_retenciones" ("id", "factura_id", "tipo_retencion_id", "porcentaje", "base_calculo", "valor_retencion", "estado", "created_at", "updated_at") VALUES (30, 29, 2, 3.00, 158.40, 4.74, 'activo', '2026-07-09 20:20:14', '2026-07-09 20:20:22');
INSERT INTO "factura_retenciones" ("id", "factura_id", "tipo_retencion_id", "porcentaje", "base_calculo", "valor_retencion", "estado", "created_at", "updated_at") VALUES (43, 42, 2, 3.00, 180.00, 5.40, 'activo', '2026-07-09 20:47:23', '2026-07-09 20:47:23');
INSERT INTO "factura_retenciones" ("id", "factura_id", "tipo_retencion_id", "porcentaje", "base_calculo", "valor_retencion", "estado", "created_at", "updated_at") VALUES (44, 43, 2, 3.00, 370.26, 11.11, 'activo', '2026-07-09 20:47:23', '2026-07-09 20:47:23');
INSERT INTO "factura_retenciones" ("id", "factura_id", "tipo_retencion_id", "porcentaje", "base_calculo", "valor_retencion", "estado", "created_at", "updated_at") VALUES (45, 44, 2, 3.00, 299.97, 9.00, 'activo', '2026-07-09 20:47:23', '2026-07-09 20:47:23');
INSERT INTO "factura_retenciones" ("id", "factura_id", "tipo_retencion_id", "porcentaje", "base_calculo", "valor_retencion", "estado", "created_at", "updated_at") VALUES (46, 45, 2, 3.00, 297.99, 8.94, 'activo', '2026-07-09 20:47:23', '2026-07-09 20:47:23');
INSERT INTO "factura_retenciones" ("id", "factura_id", "tipo_retencion_id", "porcentaje", "base_calculo", "valor_retencion", "estado", "created_at", "updated_at") VALUES (47, 46, 2, 3.00, 891.00, 26.73, 'activo', '2026-07-09 20:47:23', '2026-07-09 20:47:23');
INSERT INTO "factura_retenciones" ("id", "factura_id", "tipo_retencion_id", "porcentaje", "base_calculo", "valor_retencion", "estado", "created_at", "updated_at") VALUES (48, 47, 2, 3.00, 640.00, 19.20, 'activo', '2026-07-09 20:47:23', '2026-07-09 20:47:23');
INSERT INTO "factura_retenciones" ("id", "factura_id", "tipo_retencion_id", "porcentaje", "base_calculo", "valor_retencion", "estado", "created_at", "updated_at") VALUES (49, 48, 2, 3.00, 89.10, 2.67, 'activo', '2026-07-09 20:47:23', '2026-07-09 20:47:23');
INSERT INTO "factura_retenciones" ("id", "factura_id", "tipo_retencion_id", "porcentaje", "base_calculo", "valor_retencion", "estado", "created_at", "updated_at") VALUES (50, 49, 2, 3.00, 396.00, 11.88, 'activo', '2026-07-09 20:47:23', '2026-07-09 20:47:23');
INSERT INTO "factura_retenciones" ("id", "factura_id", "tipo_retencion_id", "porcentaje", "base_calculo", "valor_retencion", "estado", "created_at", "updated_at") VALUES (52, 51, 2, 3.00, 79.20, 2.38, 'activo', '2026-07-09 20:47:23', '2026-07-09 20:47:23');
INSERT INTO "factura_retenciones" ("id", "factura_id", "tipo_retencion_id", "porcentaje", "base_calculo", "valor_retencion", "estado", "created_at", "updated_at") VALUES (53, 52, 2, 3.00, 79.20, 2.38, 'activo', '2026-07-09 20:47:23', '2026-07-09 20:47:23');
INSERT INTO "factura_retenciones" ("id", "factura_id", "tipo_retencion_id", "porcentaje", "base_calculo", "valor_retencion", "estado", "created_at", "updated_at") VALUES (54, 54, 2, 3.00, 396.00, 11.88, 'activo', '2026-07-09 20:47:23', '2026-07-09 20:47:23');
INSERT INTO "factura_retenciones" ("id", "factura_id", "tipo_retencion_id", "porcentaje", "base_calculo", "valor_retencion", "estado", "created_at", "updated_at") VALUES (55, 55, 2, 3.00, 643.50, 19.31, 'activo', '2026-07-09 20:47:23', '2026-07-09 20:47:23');
INSERT INTO "factura_retenciones" ("id", "factura_id", "tipo_retencion_id", "porcentaje", "base_calculo", "valor_retencion", "estado", "created_at", "updated_at") VALUES (56, 56, 2, 3.00, 1069.20, 32.08, 'activo', '2026-07-09 20:47:23', '2026-07-09 20:47:23');
INSERT INTO "factura_retenciones" ("id", "factura_id", "tipo_retencion_id", "porcentaje", "base_calculo", "valor_retencion", "estado", "created_at", "updated_at") VALUES (57, 57, 2, 3.00, 230.00, 6.90, 'activo', '2026-07-09 20:47:23', '2026-07-09 20:47:23');
INSERT INTO "factura_retenciones" ("id", "factura_id", "tipo_retencion_id", "porcentaje", "base_calculo", "valor_retencion", "estado", "created_at", "updated_at") VALUES (59, 59, 2, 3.00, 594.00, 17.82, 'activo', '2026-07-09 20:47:23', '2026-07-09 20:47:23');
INSERT INTO "factura_retenciones" ("id", "factura_id", "tipo_retencion_id", "porcentaje", "base_calculo", "valor_retencion", "estado", "created_at", "updated_at") VALUES (60, 60, 2, 3.00, 457.38, 13.72, 'activo', '2026-07-09 20:47:23', '2026-07-09 20:47:23');
INSERT INTO "factura_retenciones" ("id", "factura_id", "tipo_retencion_id", "porcentaje", "base_calculo", "valor_retencion", "estado", "created_at", "updated_at") VALUES (61, 61, 2, 3.00, 220.00, 6.60, 'activo', '2026-07-09 20:47:23', '2026-07-09 20:47:23');
INSERT INTO "factura_retenciones" ("id", "factura_id", "tipo_retencion_id", "porcentaje", "base_calculo", "valor_retencion", "estado", "created_at", "updated_at") VALUES (51, 50, 2, 3.00, 668.25, 20.03, 'activo', '2026-07-09 20:47:23', '2026-07-09 20:49:27');
INSERT INTO "factura_retenciones" ("id", "factura_id", "tipo_retencion_id", "porcentaje", "base_calculo", "valor_retencion", "estado", "created_at", "updated_at") VALUES (58, 58, 2, 3.00, 472.73, 11.22, 'activo', '2026-07-09 20:47:23', '2026-07-09 20:51:46');

-- Tabla: facturas
INSERT INTO "facturas" ("id", "numero_factura", "fecha_emision", "socio_id", "cliente_id", "valor_bruto", "valor_recibido", "estado_factura", "observacion", "created_by", "updated_by", "created_at", "updated_at", "deleted_at") VALUES (2, 181, '2026-01-13', 2, 2, 250.00, 247.50, 'pendiente', NULL, 1, NULL, '2026-06-30 19:22:54', '2026-06-30 19:22:54', NULL);
INSERT INTO "facturas" ("id", "numero_factura", "fecha_emision", "socio_id", "cliente_id", "valor_bruto", "valor_recibido", "estado_factura", "observacion", "created_by", "updated_by", "created_at", "updated_at", "deleted_at") VALUES (3, 182, '2026-01-13', 2, 3, 550.00, 544.50, 'pendiente', NULL, 1, NULL, '2026-06-30 19:22:54', '2026-06-30 19:22:54', NULL);
INSERT INTO "facturas" ("id", "numero_factura", "fecha_emision", "socio_id", "cliente_id", "valor_bruto", "valor_recibido", "estado_factura", "observacion", "created_by", "updated_by", "created_at", "updated_at", "deleted_at") VALUES (4, 183, '2026-01-16', 2, 4, 300.00, 300.00, 'pendiente', NULL, 1, NULL, '2026-06-30 19:22:54', '2026-06-30 19:22:54', NULL);
INSERT INTO "facturas" ("id", "numero_factura", "fecha_emision", "socio_id", "cliente_id", "valor_bruto", "valor_recibido", "estado_factura", "observacion", "created_by", "updated_by", "created_at", "updated_at", "deleted_at") VALUES (5, 184, '2026-01-16', 1, 1, 400.00, 396.00, 'PAGADO', NULL, 1, NULL, '2026-06-30 19:22:54', '2026-06-30 19:22:54', NULL);
INSERT INTO "facturas" ("id", "numero_factura", "fecha_emision", "socio_id", "cliente_id", "valor_bruto", "valor_recibido", "estado_factura", "observacion", "created_by", "updated_by", "created_at", "updated_at", "deleted_at") VALUES (6, 185, '2026-01-17', 2, 4, 75.00, 75.00, 'pendiente', NULL, 1, NULL, '2026-06-30 19:22:54', '2026-06-30 19:22:54', NULL);
INSERT INTO "facturas" ("id", "numero_factura", "fecha_emision", "socio_id", "cliente_id", "valor_bruto", "valor_recibido", "estado_factura", "observacion", "created_by", "updated_by", "created_at", "updated_at", "deleted_at") VALUES (7, 186, '2026-01-19', 1, 5, 475.50, 470.75, 'PAGADO', NULL, 1, NULL, '2026-06-30 19:22:54', '2026-06-30 19:22:54', NULL);
INSERT INTO "facturas" ("id", "numero_factura", "fecha_emision", "socio_id", "cliente_id", "valor_bruto", "valor_recibido", "estado_factura", "observacion", "created_by", "updated_by", "created_at", "updated_at", "deleted_at") VALUES (8, 187, '2026-01-19', 1, 5, 155.00, 153.45, 'PAGADO', NULL, 1, NULL, '2026-06-30 19:22:54', '2026-06-30 19:22:54', NULL);
INSERT INTO "facturas" ("id", "numero_factura", "fecha_emision", "socio_id", "cliente_id", "valor_bruto", "valor_recibido", "estado_factura", "observacion", "created_by", "updated_by", "created_at", "updated_at", "deleted_at") VALUES (9, 188, '2026-01-20', 1, 1, 440.00, 435.60, 'PAGADO', NULL, 1, NULL, '2026-06-30 19:22:54', '2026-06-30 19:22:54', NULL);
INSERT INTO "facturas" ("id", "numero_factura", "fecha_emision", "socio_id", "cliente_id", "valor_bruto", "valor_recibido", "estado_factura", "observacion", "created_by", "updated_by", "created_at", "updated_at", "deleted_at") VALUES (1, 180, '2026-01-12', 1, 1, 165.00, 163.35, 'pendiente', NULL, 1, 1, '2026-06-30 19:22:54', '2026-07-09 17:32:53', NULL);
INSERT INTO "facturas" ("id", "numero_factura", "fecha_emision", "socio_id", "cliente_id", "valor_bruto", "valor_recibido", "estado_factura", "observacion", "created_by", "updated_by", "created_at", "updated_at", "deleted_at") VALUES (11, 190, '2026-02-02', 1, 1, 170.00, 168.30, 'PAGADO', NULL, 1, NULL, '2026-07-09 20:15:14', '2026-07-09 20:15:14', NULL);
INSERT INTO "facturas" ("id", "numero_factura", "fecha_emision", "socio_id", "cliente_id", "valor_bruto", "valor_recibido", "estado_factura", "observacion", "created_by", "updated_by", "created_at", "updated_at", "deleted_at") VALUES (12, 191, '2026-02-02', 1, 1, 288.00, 285.12, 'PAGADO', NULL, 1, NULL, '2026-07-09 20:15:14', '2026-07-09 20:15:14', NULL);
INSERT INTO "facturas" ("id", "numero_factura", "fecha_emision", "socio_id", "cliente_id", "valor_bruto", "valor_recibido", "estado_factura", "observacion", "created_by", "updated_by", "created_at", "updated_at", "deleted_at") VALUES (13, 192, '2026-02-02', 1, 1, 160.00, 158.40, 'PAGADO', NULL, 1, NULL, '2026-07-09 20:15:14', '2026-07-09 20:15:14', NULL);
INSERT INTO "facturas" ("id", "numero_factura", "fecha_emision", "socio_id", "cliente_id", "valor_bruto", "valor_recibido", "estado_factura", "observacion", "created_by", "updated_by", "created_at", "updated_at", "deleted_at") VALUES (14, 193, '2026-02-02', 1, 5, 486.00, 481.14, 'PAGADO', NULL, 1, NULL, '2026-07-09 20:15:14', '2026-07-09 20:15:14', NULL);
INSERT INTO "facturas" ("id", "numero_factura", "fecha_emision", "socio_id", "cliente_id", "valor_bruto", "valor_recibido", "estado_factura", "observacion", "created_by", "updated_by", "created_at", "updated_at", "deleted_at") VALUES (15, 194, '2026-02-02', 1, 1, 83.00, 82.17, 'PAGADO', NULL, 1, NULL, '2026-07-09 20:15:14', '2026-07-09 20:15:14', NULL);
INSERT INTO "facturas" ("id", "numero_factura", "fecha_emision", "socio_id", "cliente_id", "valor_bruto", "valor_recibido", "estado_factura", "observacion", "created_by", "updated_by", "created_at", "updated_at", "deleted_at") VALUES (16, 195, '2026-02-09', 4, 7, 150.00, 148.50, 'PAGADO', NULL, 1, NULL, '2026-07-09 20:15:14', '2026-07-09 20:15:14', NULL);
INSERT INTO "facturas" ("id", "numero_factura", "fecha_emision", "socio_id", "cliente_id", "valor_bruto", "valor_recibido", "estado_factura", "observacion", "created_by", "updated_by", "created_at", "updated_at", "deleted_at") VALUES (17, 196, '2026-02-19', 2, 8, 2240.00, 2240.00, 'pagado', NULL, 1, NULL, '2026-07-09 20:15:14', '2026-07-09 20:15:14', NULL);
INSERT INTO "facturas" ("id", "numero_factura", "fecha_emision", "socio_id", "cliente_id", "valor_bruto", "valor_recibido", "estado_factura", "observacion", "created_by", "updated_by", "created_at", "updated_at", "deleted_at") VALUES (18, 197, '2026-02-22', 2, 9, 1000.00, 1000.00, 'pagado', NULL, 1, NULL, '2026-07-09 20:15:14', '2026-07-09 20:15:14', NULL);
INSERT INTO "facturas" ("id", "numero_factura", "fecha_emision", "socio_id", "cliente_id", "valor_bruto", "valor_recibido", "estado_factura", "observacion", "created_by", "updated_by", "created_at", "updated_at", "deleted_at") VALUES (19, 198, '2026-02-23', 1, 1, 412.00, 407.88, 'PAGADO', NULL, 1, NULL, '2026-07-09 20:15:14', '2026-07-09 20:15:14', NULL);
INSERT INTO "facturas" ("id", "numero_factura", "fecha_emision", "socio_id", "cliente_id", "valor_bruto", "valor_recibido", "estado_factura", "observacion", "created_by", "updated_by", "created_at", "updated_at", "deleted_at") VALUES (20, 199, '2026-02-23', 1, 1, 160.00, 158.40, 'PAGADO', NULL, 1, NULL, '2026-07-09 20:15:14', '2026-07-09 20:15:14', NULL);
INSERT INTO "facturas" ("id", "numero_factura", "fecha_emision", "socio_id", "cliente_id", "valor_bruto", "valor_recibido", "estado_factura", "observacion", "created_by", "updated_by", "created_at", "updated_at", "deleted_at") VALUES (10, 189, '2026-02-02', 2, 6, 480.00, 475.20, 'PAGADO', NULL, 1, NULL, '2026-07-09 20:15:14', '2026-07-09 20:15:31', NULL);
INSERT INTO "facturas" ("id", "numero_factura", "fecha_emision", "socio_id", "cliente_id", "valor_bruto", "valor_recibido", "estado_factura", "observacion", "created_by", "updated_by", "created_at", "updated_at", "deleted_at") VALUES (21, 200, '2026-03-03', 1, 10, 240.00, 240.00, 'PAGADO', NULL, 1, NULL, '2026-07-09 20:20:14', '2026-07-09 20:20:14', NULL);
INSERT INTO "facturas" ("id", "numero_factura", "fecha_emision", "socio_id", "cliente_id", "valor_bruto", "valor_recibido", "estado_factura", "observacion", "created_by", "updated_by", "created_at", "updated_at", "deleted_at") VALUES (22, 201, '2026-03-03', 1, 10, 60.00, 60.00, 'PAGADO', NULL, 1, NULL, '2026-07-09 20:20:14', '2026-07-09 20:20:14', NULL);
INSERT INTO "facturas" ("id", "numero_factura", "fecha_emision", "socio_id", "cliente_id", "valor_bruto", "valor_recibido", "estado_factura", "observacion", "created_by", "updated_by", "created_at", "updated_at", "deleted_at") VALUES (23, 202, '2026-03-05', 6, 4, 390.00, 390.00, 'pagado', NULL, 1, NULL, '2026-07-09 20:20:14', '2026-07-09 20:20:14', NULL);
INSERT INTO "facturas" ("id", "numero_factura", "fecha_emision", "socio_id", "cliente_id", "valor_bruto", "valor_recibido", "estado_factura", "observacion", "created_by", "updated_by", "created_at", "updated_at", "deleted_at") VALUES (24, 204, '2026-03-07', 2, 11, 1080.00, 1069.20, 'pagado', NULL, 1, NULL, '2026-07-09 20:20:14', '2026-07-09 20:20:14', NULL);
INSERT INTO "facturas" ("id", "numero_factura", "fecha_emision", "socio_id", "cliente_id", "valor_bruto", "valor_recibido", "estado_factura", "observacion", "created_by", "updated_by", "created_at", "updated_at", "deleted_at") VALUES (25, 205, '2026-03-10', 2, 4, 450.00, 450.00, 'pagado', NULL, 1, NULL, '2026-07-09 20:20:14', '2026-07-09 20:20:14', NULL);
INSERT INTO "facturas" ("id", "numero_factura", "fecha_emision", "socio_id", "cliente_id", "valor_bruto", "valor_recibido", "estado_factura", "observacion", "created_by", "updated_by", "created_at", "updated_at", "deleted_at") VALUES (26, 206, '2026-03-12', 1, 12, 700.00, 700.00, 'PAGADO', NULL, 1, NULL, '2026-07-09 20:20:14', '2026-07-09 20:20:14', NULL);
INSERT INTO "facturas" ("id", "numero_factura", "fecha_emision", "socio_id", "cliente_id", "valor_bruto", "valor_recibido", "estado_factura", "observacion", "created_by", "updated_by", "created_at", "updated_at", "deleted_at") VALUES (27, 207, '2026-03-14', 2, 13, 200.00, 198.00, 'pagado', NULL, 1, NULL, '2026-07-09 20:20:14', '2026-07-09 20:20:14', NULL);
INSERT INTO "facturas" ("id", "numero_factura", "fecha_emision", "socio_id", "cliente_id", "valor_bruto", "valor_recibido", "estado_factura", "observacion", "created_by", "updated_by", "created_at", "updated_at", "deleted_at") VALUES (28, 208, '2026-03-15', 4, 3, 600.00, 594.00, 'pagado', NULL, 1, NULL, '2026-07-09 20:20:14', '2026-07-09 20:20:14', NULL);
INSERT INTO "facturas" ("id", "numero_factura", "fecha_emision", "socio_id", "cliente_id", "valor_bruto", "valor_recibido", "estado_factura", "observacion", "created_by", "updated_by", "created_at", "updated_at", "deleted_at") VALUES (29, 209, '2026-03-17', 1, 1, 160.00, 158.40, 'PAGADO', NULL, 1, NULL, '2026-07-09 20:20:14', '2026-07-09 20:20:14', NULL);
INSERT INTO "facturas" ("id", "numero_factura", "fecha_emision", "socio_id", "cliente_id", "valor_bruto", "valor_recibido", "estado_factura", "observacion", "created_by", "updated_by", "created_at", "updated_at", "deleted_at") VALUES (30, 210, '2026-03-19', 2, 6, 500.00, 495.00, 'pagado', NULL, 1, NULL, '2026-07-09 20:20:14', '2026-07-09 20:20:14', NULL);
INSERT INTO "facturas" ("id", "numero_factura", "fecha_emision", "socio_id", "cliente_id", "valor_bruto", "valor_recibido", "estado_factura", "observacion", "created_by", "updated_by", "created_at", "updated_at", "deleted_at") VALUES (31, 211, '2026-03-21', 1, 5, 150.00, 148.50, 'PAGADO', NULL, 1, NULL, '2026-07-09 20:20:14', '2026-07-09 20:20:14', NULL);
INSERT INTO "facturas" ("id", "numero_factura", "fecha_emision", "socio_id", "cliente_id", "valor_bruto", "valor_recibido", "estado_factura", "observacion", "created_by", "updated_by", "created_at", "updated_at", "deleted_at") VALUES (32, 212, '2026-03-22', 1, 5, 750.00, 742.50, 'PAGADO', NULL, 1, NULL, '2026-07-09 20:20:14', '2026-07-09 20:20:14', NULL);
INSERT INTO "facturas" ("id", "numero_factura", "fecha_emision", "socio_id", "cliente_id", "valor_bruto", "valor_recibido", "estado_factura", "observacion", "created_by", "updated_by", "created_at", "updated_at", "deleted_at") VALUES (42, 213, '2026-04-30', 2, 14, 180.00, 180.00, 'pendiente', NULL, 1, NULL, '2026-07-09 20:47:23', '2026-07-09 20:47:23', NULL);
INSERT INTO "facturas" ("id", "numero_factura", "fecha_emision", "socio_id", "cliente_id", "valor_bruto", "valor_recibido", "estado_factura", "observacion", "created_by", "updated_by", "created_at", "updated_at", "deleted_at") VALUES (43, 214, '2026-04-30', 1, 1, 374.00, 370.26, 'PAGADO', NULL, 1, NULL, '2026-07-09 20:47:23', '2026-07-09 20:47:23', NULL);
INSERT INTO "facturas" ("id", "numero_factura", "fecha_emision", "socio_id", "cliente_id", "valor_bruto", "valor_recibido", "estado_factura", "observacion", "created_by", "updated_by", "created_at", "updated_at", "deleted_at") VALUES (44, 215, '2026-04-30', 1, 1, 303.00, 299.97, 'PAGADO', NULL, 1, NULL, '2026-07-09 20:47:23', '2026-07-09 20:47:23', NULL);
INSERT INTO "facturas" ("id", "numero_factura", "fecha_emision", "socio_id", "cliente_id", "valor_bruto", "valor_recibido", "estado_factura", "observacion", "created_by", "updated_by", "created_at", "updated_at", "deleted_at") VALUES (45, 216, '2026-04-30', 1, 1, 301.00, 297.99, 'PAGADO', NULL, 1, NULL, '2026-07-09 20:47:23', '2026-07-09 20:47:23', NULL);
INSERT INTO "facturas" ("id", "numero_factura", "fecha_emision", "socio_id", "cliente_id", "valor_bruto", "valor_recibido", "estado_factura", "observacion", "created_by", "updated_by", "created_at", "updated_at", "deleted_at") VALUES (46, 217, '2026-04-30', 2, 15, 900.00, 891.00, 'pendiente', NULL, 1, NULL, '2026-07-09 20:47:23', '2026-07-09 20:47:23', NULL);
INSERT INTO "facturas" ("id", "numero_factura", "fecha_emision", "socio_id", "cliente_id", "valor_bruto", "valor_recibido", "estado_factura", "observacion", "created_by", "updated_by", "created_at", "updated_at", "deleted_at") VALUES (47, 218, '2026-04-30', 2, 16, 640.00, 640.00, 'pendiente', NULL, 1, NULL, '2026-07-09 20:47:23', '2026-07-09 20:47:23', NULL);
INSERT INTO "facturas" ("id", "numero_factura", "fecha_emision", "socio_id", "cliente_id", "valor_bruto", "valor_recibido", "estado_factura", "observacion", "created_by", "updated_by", "created_at", "updated_at", "deleted_at") VALUES (48, 219, '2026-04-30', 2, 17, 90.00, 89.10, 'PAGADO', NULL, 1, NULL, '2026-07-09 20:47:23', '2026-07-09 20:47:23', NULL);
INSERT INTO "facturas" ("id", "numero_factura", "fecha_emision", "socio_id", "cliente_id", "valor_bruto", "valor_recibido", "estado_factura", "observacion", "created_by", "updated_by", "created_at", "updated_at", "deleted_at") VALUES (49, 220, '2026-04-30', 2, 18, 400.00, 396.00, 'pendiente', NULL, 1, NULL, '2026-07-09 20:47:23', '2026-07-09 20:47:23', NULL);
INSERT INTO "facturas" ("id", "numero_factura", "fecha_emision", "socio_id", "cliente_id", "valor_bruto", "valor_recibido", "estado_factura", "observacion", "created_by", "updated_by", "created_at", "updated_at", "deleted_at") VALUES (50, 221, '2026-05-31', 1, 5, 675.00, 668.25, 'PAGADO', NULL, 1, NULL, '2026-07-09 20:47:23', '2026-07-09 20:47:23', NULL);
INSERT INTO "facturas" ("id", "numero_factura", "fecha_emision", "socio_id", "cliente_id", "valor_bruto", "valor_recibido", "estado_factura", "observacion", "created_by", "updated_by", "created_at", "updated_at", "deleted_at") VALUES (51, 222, '2026-05-31', 1, 1, 80.00, 79.20, 'PAGADO', NULL, 1, NULL, '2026-07-09 20:47:23', '2026-07-09 20:47:23', NULL);
INSERT INTO "facturas" ("id", "numero_factura", "fecha_emision", "socio_id", "cliente_id", "valor_bruto", "valor_recibido", "estado_factura", "observacion", "created_by", "updated_by", "created_at", "updated_at", "deleted_at") VALUES (52, 223, '2026-05-31', 1, 1, 80.00, 79.20, 'PAGADO', NULL, 1, NULL, '2026-07-09 20:47:23', '2026-07-09 20:47:23', NULL);
INSERT INTO "facturas" ("id", "numero_factura", "fecha_emision", "socio_id", "cliente_id", "valor_bruto", "valor_recibido", "estado_factura", "observacion", "created_by", "updated_by", "created_at", "updated_at", "deleted_at") VALUES (54, 225, '2026-05-31', 4, 19, 400.00, 396.00, 'PAGADO', NULL, 1, NULL, '2026-07-09 20:47:23', '2026-07-09 20:47:23', NULL);
INSERT INTO "facturas" ("id", "numero_factura", "fecha_emision", "socio_id", "cliente_id", "valor_bruto", "valor_recibido", "estado_factura", "observacion", "created_by", "updated_by", "created_at", "updated_at", "deleted_at") VALUES (55, 226, '2026-05-31', 2, 20, 650.00, 643.50, 'pendiente', NULL, 1, NULL, '2026-07-09 20:47:23', '2026-07-09 20:47:23', NULL);
INSERT INTO "facturas" ("id", "numero_factura", "fecha_emision", "socio_id", "cliente_id", "valor_bruto", "valor_recibido", "estado_factura", "observacion", "created_by", "updated_by", "created_at", "updated_at", "deleted_at") VALUES (56, 227, '2026-05-31', 2, 21, 1080.00, 1069.20, 'pendiente', NULL, 1, NULL, '2026-07-09 20:47:23', '2026-07-09 20:47:23', NULL);
INSERT INTO "facturas" ("id", "numero_factura", "fecha_emision", "socio_id", "cliente_id", "valor_bruto", "valor_recibido", "estado_factura", "observacion", "created_by", "updated_by", "created_at", "updated_at", "deleted_at") VALUES (57, 228, '2026-06-30', 2, 8, 230.00, 230.00, 'pendiente', NULL, 1, NULL, '2026-07-09 20:47:23', '2026-07-09 20:47:23', NULL);
INSERT INTO "facturas" ("id", "numero_factura", "fecha_emision", "socio_id", "cliente_id", "valor_bruto", "valor_recibido", "estado_factura", "observacion", "created_by", "updated_by", "created_at", "updated_at", "deleted_at") VALUES (58, 229, '2026-06-30', 1, 5, 477.50, 472.73, 'PAGADA', NULL, 1, NULL, '2026-07-09 20:47:23', '2026-07-09 20:47:23', NULL);
INSERT INTO "facturas" ("id", "numero_factura", "fecha_emision", "socio_id", "cliente_id", "valor_bruto", "valor_recibido", "estado_factura", "observacion", "created_by", "updated_by", "created_at", "updated_at", "deleted_at") VALUES (59, 231, '2026-06-30', 2, 22, 600.00, 594.00, 'PAGADA', NULL, 1, NULL, '2026-07-09 20:47:23', '2026-07-09 20:47:23', NULL);
INSERT INTO "facturas" ("id", "numero_factura", "fecha_emision", "socio_id", "cliente_id", "valor_bruto", "valor_recibido", "estado_factura", "observacion", "created_by", "updated_by", "created_at", "updated_at", "deleted_at") VALUES (60, 236, '2026-06-30', 1, 1, 462.00, 457.38, 'pendiente', NULL, 1, NULL, '2026-07-09 20:47:23', '2026-07-09 20:47:23', NULL);
INSERT INTO "facturas" ("id", "numero_factura", "fecha_emision", "socio_id", "cliente_id", "valor_bruto", "valor_recibido", "estado_factura", "observacion", "created_by", "updated_by", "created_at", "updated_at", "deleted_at") VALUES (61, 238, '2026-06-30', 4, 25, 220.00, 220.00, 'PAGADA', NULL, 1, NULL, '2026-07-09 20:47:23', '2026-07-09 20:47:23', NULL);
INSERT INTO "facturas" ("id", "numero_factura", "fecha_emision", "socio_id", "cliente_id", "valor_bruto", "valor_recibido", "estado_factura", "observacion", "created_by", "updated_by", "created_at", "updated_at", "deleted_at") VALUES (53, 224, '2026-05-31', 2, 26, 0.00, 0.00, 'anulado', NULL, 1, NULL, '2026-07-09 20:47:23', '2026-07-09 20:47:37', '2026-07-09 20:47:37');

-- Tabla: liquidacion_detalles
INSERT INTO "liquidacion_detalles" ("id", "liquidacion_id", "factura_id", "importe_aplicado", "observacion", "created_at", "updated_at") VALUES (1, 1, 2, 247.50, NULL, '2026-07-09 19:41:57', '2026-07-09 19:41:57');
INSERT INTO "liquidacion_detalles" ("id", "liquidacion_id", "factura_id", "importe_aplicado", "observacion", "created_at", "updated_at") VALUES (2, 1, 3, 544.50, NULL, '2026-07-09 19:41:57', '2026-07-09 19:41:57');
INSERT INTO "liquidacion_detalles" ("id", "liquidacion_id", "factura_id", "importe_aplicado", "observacion", "created_at", "updated_at") VALUES (3, 1, 4, 300.00, NULL, '2026-07-09 19:41:57', '2026-07-09 19:41:57');
INSERT INTO "liquidacion_detalles" ("id", "liquidacion_id", "factura_id", "importe_aplicado", "observacion", "created_at", "updated_at") VALUES (4, 1, 6, 75.00, NULL, '2026-07-09 19:41:57', '2026-07-09 19:41:57');

-- Tabla: liquidaciones
INSERT INTO "liquidaciones" ("id", "socio_id", "periodo_mes", "periodo_anio", "total_facturado", "total_retenciones", "total_distribuciones", "total_neto", "estado", "firma_socio", "fecha_generacion", "created_by", "created_at", "updated_at") VALUES (1, 2, 1, 2026, 1175.00, 35.01, 149.78, 990.21, 'borrador', NULL, '2026-07-09', 1, '2026-07-09 19:41:57', '2026-07-09 19:41:57');

-- Tabla: migrations
INSERT INTO "migrations" ("id", "migration", "batch") VALUES (1, '0001_01_01_000000_create_users_table', 1);
INSERT INTO "migrations" ("id", "migration", "batch") VALUES (2, '0001_01_01_000001_create_cache_table', 1);
INSERT INTO "migrations" ("id", "migration", "batch") VALUES (3, '0001_01_01_000002_create_jobs_table', 1);
INSERT INTO "migrations" ("id", "migration", "batch") VALUES (4, '2025_01_01_200001_create_roles_table', 1);
INSERT INTO "migrations" ("id", "migration", "batch") VALUES (5, '2025_01_01_200002_create_permissions_table', 1);
INSERT INTO "migrations" ("id", "migration", "batch") VALUES (6, '2025_01_01_200003_create_role_user_table', 1);
INSERT INTO "migrations" ("id", "migration", "batch") VALUES (7, '2025_01_01_200004_create_permission_role_table', 1);
INSERT INTO "migrations" ("id", "migration", "batch") VALUES (8, '2025_01_01_200005_add_security_fields_to_users_table', 1);
INSERT INTO "migrations" ("id", "migration", "batch") VALUES (9, '2025_01_01_200006_create_socios_table', 1);
INSERT INTO "migrations" ("id", "migration", "batch") VALUES (10, '2025_01_01_200007_create_clientes_table', 1);
INSERT INTO "migrations" ("id", "migration", "batch") VALUES (11, '2025_01_01_200008_create_categorias_movimiento_table', 1);
INSERT INTO "migrations" ("id", "migration", "batch") VALUES (12, '2025_01_01_200009_create_tipos_retencion_table', 1);
INSERT INTO "migrations" ("id", "migration", "batch") VALUES (13, '2025_01_01_200010_create_facturas_table', 1);
INSERT INTO "migrations" ("id", "migration", "batch") VALUES (14, '2025_01_01_200011_create_factura_retenciones_table', 1);
INSERT INTO "migrations" ("id", "migration", "batch") VALUES (15, '2025_01_01_200012_create_factura_distribuciones_table', 1);
INSERT INTO "migrations" ("id", "migration", "batch") VALUES (16, '2025_01_01_200013_create_liquidaciones_table', 1);
INSERT INTO "migrations" ("id", "migration", "batch") VALUES (17, '2025_01_01_200014_create_liquidacion_detalles_table', 1);
INSERT INTO "migrations" ("id", "migration", "batch") VALUES (18, '2025_01_01_200015_create_movimientos_caja_table', 1);
INSERT INTO "migrations" ("id", "migration", "batch") VALUES (19, '2025_01_01_200016_create_aportes_socios_table', 1);
INSERT INTO "migrations" ("id", "migration", "batch") VALUES (20, '2025_01_01_200018_create_archivos_adjuntos_table', 1);
INSERT INTO "migrations" ("id", "migration", "batch") VALUES (21, '2025_01_01_200019_create_audit_logs_table', 1);
INSERT INTO "migrations" ("id", "migration", "batch") VALUES (22, '2025_01_01_200020_add_socio_id_to_users_table', 1);
INSERT INTO "migrations" ("id", "migration", "batch") VALUES (23, '2025_06_16_200022_remove_nombre_from_factura_retenciones_table', 1);
INSERT INTO "migrations" ("id", "migration", "batch") VALUES (24, '2026_06_17_012239_add_base_calculo_to_factura_distribuciones_table', 1);

-- Tabla: movimientos_caja
INSERT INTO "movimientos_caja" ("id", "fecha", "tipo", "categoria_id", "descripcion", "valor", "referencia_tipo", "referencia_id", "estado", "created_by", "created_at", "updated_at") VALUES (2, '2026-01-31', 'egreso', 7, 'PAGO DE IESS', 210.33, NULL, NULL, 'activo', 1, '2026-06-30 19:22:54', '2026-06-30 19:22:54');
INSERT INTO "movimientos_caja" ("id", "fecha", "tipo", "categoria_id", "descripcion", "valor", "referencia_tipo", "referencia_id", "estado", "created_by", "created_at", "updated_at") VALUES (3, '2026-01-31', 'egreso', 5, 'PAGO DE DIFERENCIA AL CONTADOR', 222.19, NULL, NULL, 'activo', 1, '2026-06-30 19:22:54', '2026-06-30 19:22:54');
INSERT INTO "movimientos_caja" ("id", "fecha", "tipo", "categoria_id", "descripcion", "valor", "referencia_tipo", "referencia_id", "estado", "created_by", "created_at", "updated_at") VALUES (5, '2026-01-31', 'egreso', 4, 'EMISION DE FACTURAS', 35.00, NULL, NULL, 'activo', 1, '2026-06-30 19:22:54', '2026-06-30 19:22:54');
INSERT INTO "movimientos_caja" ("id", "fecha", "tipo", "categoria_id", "descripcion", "valor", "referencia_tipo", "referencia_id", "estado", "created_by", "created_at", "updated_at") VALUES (6, '2026-01-31', 'egreso', 1, 'PAGO A CONTADOR-ENERO', 165.00, NULL, NULL, 'activo', 1, '2026-06-30 19:22:54', '2026-06-30 19:22:54');
INSERT INTO "movimientos_caja" ("id", "fecha", "tipo", "categoria_id", "descripcion", "valor", "referencia_tipo", "referencia_id", "estado", "created_by", "created_at", "updated_at") VALUES (7, '2026-01-31', 'egreso', 2, 'MOVILIZACION', 20.00, NULL, NULL, 'activo', 1, '2026-06-30 19:22:54', '2026-06-30 19:22:54');
INSERT INTO "movimientos_caja" ("id", "fecha", "tipo", "categoria_id", "descripcion", "valor", "referencia_tipo", "referencia_id", "estado", "created_by", "created_at", "updated_at") VALUES (10, '2026-02-28', 'egreso', 9, 'Renovacion de factura', 96.03, NULL, NULL, 'activo', 1, '2026-06-30 19:22:54', '2026-06-30 19:22:54');
INSERT INTO "movimientos_caja" ("id", "fecha", "tipo", "categoria_id", "descripcion", "valor", "referencia_tipo", "referencia_id", "estado", "created_by", "created_at", "updated_at") VALUES (11, '2026-02-28', 'egreso', 10, 'Aporte de la Agencia de transito', 200.00, NULL, NULL, 'activo', 1, '2026-06-30 19:22:54', '2026-06-30 19:22:54');
INSERT INTO "movimientos_caja" ("id", "fecha", "tipo", "categoria_id", "descripcion", "valor", "referencia_tipo", "referencia_id", "estado", "created_by", "created_at", "updated_at") VALUES (12, '2026-02-28', 'egreso', 6, 'Chequera', 6.20, NULL, NULL, 'activo', 1, '2026-06-30 19:22:54', '2026-06-30 19:22:54');
INSERT INTO "movimientos_caja" ("id", "fecha", "tipo", "categoria_id", "descripcion", "valor", "referencia_tipo", "referencia_id", "estado", "created_by", "created_at", "updated_at") VALUES (13, '2026-02-28', 'egreso', 2, 'Movilizacion', 20.00, NULL, NULL, 'activo', 1, '2026-06-30 19:22:54', '2026-06-30 19:22:54');
INSERT INTO "movimientos_caja" ("id", "fecha", "tipo", "categoria_id", "descripcion", "valor", "referencia_tipo", "referencia_id", "estado", "created_by", "created_at", "updated_at") VALUES (14, '2026-02-28', 'egreso', 4, 'Pago de emision de facturas', 35.00, NULL, NULL, 'activo', 1, '2026-06-30 19:22:54', '2026-06-30 19:22:54');
INSERT INTO "movimientos_caja" ("id", "fecha", "tipo", "categoria_id", "descripcion", "valor", "referencia_tipo", "referencia_id", "estado", "created_by", "created_at", "updated_at") VALUES (15, '2026-02-28', 'egreso', 1, 'Pago al contador-Febrero', 165.00, NULL, NULL, 'activo', 1, '2026-06-30 19:22:54', '2026-06-30 19:22:54');
INSERT INTO "movimientos_caja" ("id", "fecha", "tipo", "categoria_id", "descripcion", "valor", "referencia_tipo", "referencia_id", "estado", "created_by", "created_at", "updated_at") VALUES (4, '2026-01-31', 'egreso', 8, 'PAGO DE PROTESTA CHEQUES', 190.27, NULL, NULL, 'activo', 1, '2026-06-30 19:22:54', '2026-07-09 17:19:16');
INSERT INTO "movimientos_caja" ("id", "fecha", "tipo", "categoria_id", "descripcion", "valor", "referencia_tipo", "referencia_id", "estado", "created_by", "created_at", "updated_at") VALUES (16, '2026-02-28', 'egreso', 3, 'Servicios Bancarios', 1.23, NULL, NULL, 'activo', 1, '2026-06-30 19:22:54', '2026-07-09 18:31:18');
INSERT INTO "movimientos_caja" ("id", "fecha", "tipo", "categoria_id", "descripcion", "valor", "referencia_tipo", "referencia_id", "estado", "created_by", "created_at", "updated_at") VALUES (18, '2026-03-31', 'egreso', 15, 'Pago a la Marea por convocatoria ordinaria', 38.00, NULL, NULL, 'activo', 1, '2026-07-09 18:46:54', '2026-07-09 18:46:54');
INSERT INTO "movimientos_caja" ("id", "fecha", "tipo", "categoria_id", "descripcion", "valor", "referencia_tipo", "referencia_id", "estado", "created_by", "created_at", "updated_at") VALUES (19, '2026-03-31', 'egreso', 16, 'Permiso de funcionamiento de Bomberos', 82.35, NULL, NULL, 'activo', 1, '2026-07-09 18:46:54', '2026-07-09 18:46:54');
INSERT INTO "movimientos_caja" ("id", "fecha", "tipo", "categoria_id", "descripcion", "valor", "referencia_tipo", "referencia_id", "estado", "created_by", "created_at", "updated_at") VALUES (20, '2026-03-31', 'egreso', 17, 'Pago por Informe de Comisario (R)', 50.75, NULL, NULL, 'activo', 1, '2026-07-09 18:46:54', '2026-07-09 18:46:54');
INSERT INTO "movimientos_caja" ("id", "fecha", "tipo", "categoria_id", "descripcion", "valor", "referencia_tipo", "referencia_id", "estado", "created_by", "created_at", "updated_at") VALUES (21, '2026-03-31', 'egreso', 4, 'Emision de facturas', 35.00, NULL, NULL, 'activo', 1, '2026-07-09 18:46:54', '2026-07-09 18:46:54');
INSERT INTO "movimientos_caja" ("id", "fecha", "tipo", "categoria_id", "descripcion", "valor", "referencia_tipo", "referencia_id", "estado", "created_by", "created_at", "updated_at") VALUES (22, '2026-03-31', 'egreso', 1, 'Pago al Contador-Marzo', 165.00, NULL, NULL, 'activo', 1, '2026-07-09 18:46:54', '2026-07-09 18:46:54');
INSERT INTO "movimientos_caja" ("id", "fecha", "tipo", "categoria_id", "descripcion", "valor", "referencia_tipo", "referencia_id", "estado", "created_by", "created_at", "updated_at") VALUES (23, '2026-03-31', 'egreso', 2, 'Movilizacion', 20.00, NULL, NULL, 'activo', 1, '2026-07-09 18:46:54', '2026-07-09 18:46:54');
INSERT INTO "movimientos_caja" ("id", "fecha", "tipo", "categoria_id", "descripcion", "valor", "referencia_tipo", "referencia_id", "estado", "created_by", "created_at", "updated_at") VALUES (24, '2026-03-31', 'egreso', 3, 'Servicios Bancarios', 2.05, NULL, NULL, 'activo', 1, '2026-07-09 18:46:54', '2026-07-09 18:46:54');
INSERT INTO "movimientos_caja" ("id", "fecha", "tipo", "categoria_id", "descripcion", "valor", "referencia_tipo", "referencia_id", "estado", "created_by", "created_at", "updated_at") VALUES (25, '2026-04-30', 'egreso', 4, 'Emision de facturas', 35.00, NULL, NULL, 'activo', 1, '2026-07-09 18:46:54', '2026-07-09 18:46:54');
INSERT INTO "movimientos_caja" ("id", "fecha", "tipo", "categoria_id", "descripcion", "valor", "referencia_tipo", "referencia_id", "estado", "created_by", "created_at", "updated_at") VALUES (26, '2026-04-30', 'egreso', 18, 'PAGO DE DECLARACION DE IMPUESTOS', 162.32, NULL, NULL, 'activo', 1, '2026-07-09 18:46:54', '2026-07-09 18:46:54');
INSERT INTO "movimientos_caja" ("id", "fecha", "tipo", "categoria_id", "descripcion", "valor", "referencia_tipo", "referencia_id", "estado", "created_by", "created_at", "updated_at") VALUES (27, '2026-04-30', 'egreso', 19, 'PAGO DE DECLARACION DE IVA', 5.25, NULL, NULL, 'activo', 1, '2026-07-09 18:46:54', '2026-07-09 18:46:54');
INSERT INTO "movimientos_caja" ("id", "fecha", "tipo", "categoria_id", "descripcion", "valor", "referencia_tipo", "referencia_id", "estado", "created_by", "created_at", "updated_at") VALUES (28, '2026-04-30', 'egreso', 20, 'PAGO DE DECLARACION DE RETENCION', 1.50, NULL, NULL, 'activo', 1, '2026-07-09 18:46:54', '2026-07-09 18:46:54');
INSERT INTO "movimientos_caja" ("id", "fecha", "tipo", "categoria_id", "descripcion", "valor", "referencia_tipo", "referencia_id", "estado", "created_by", "created_at", "updated_at") VALUES (29, '2026-04-30', 'egreso', 1, 'PAGO AL CONTADOR-ABRIL', 165.00, NULL, NULL, 'activo', 1, '2026-07-09 18:46:54', '2026-07-09 18:46:54');
INSERT INTO "movimientos_caja" ("id", "fecha", "tipo", "categoria_id", "descripcion", "valor", "referencia_tipo", "referencia_id", "estado", "created_by", "created_at", "updated_at") VALUES (30, '2026-04-30', 'egreso', 2, 'Movilizacion', 20.00, NULL, NULL, 'activo', 1, '2026-07-09 18:46:54', '2026-07-09 18:46:54');
INSERT INTO "movimientos_caja" ("id", "fecha", "tipo", "categoria_id", "descripcion", "valor", "referencia_tipo", "referencia_id", "estado", "created_by", "created_at", "updated_at") VALUES (31, '2026-04-30', 'egreso', 26, 'Certificado Bancario', 2.59, NULL, NULL, 'activo', 1, '2026-07-09 18:46:54', '2026-07-09 18:46:54');
INSERT INTO "movimientos_caja" ("id", "fecha", "tipo", "categoria_id", "descripcion", "valor", "referencia_tipo", "referencia_id", "estado", "created_by", "created_at", "updated_at") VALUES (32, '2026-04-30', 'egreso', 3, 'Servicios Bancarios', 2.98, NULL, NULL, 'activo', 1, '2026-07-09 18:46:54', '2026-07-09 18:46:54');
INSERT INTO "movimientos_caja" ("id", "fecha", "tipo", "categoria_id", "descripcion", "valor", "referencia_tipo", "referencia_id", "estado", "created_by", "created_at", "updated_at") VALUES (33, '2026-05-31', 'egreso', 21, 'PAGO DE RETENCION DE FEBRERO 2023', 19.54, NULL, NULL, 'activo', 1, '2026-07-09 18:46:54', '2026-07-09 18:46:54');
INSERT INTO "movimientos_caja" ("id", "fecha", "tipo", "categoria_id", "descripcion", "valor", "referencia_tipo", "referencia_id", "estado", "created_by", "created_at", "updated_at") VALUES (34, '2026-05-31', 'egreso', 21, 'PAGO DE RETENCION DE MAYO 2024', 11.39, NULL, NULL, 'activo', 1, '2026-07-09 18:46:54', '2026-07-09 18:46:54');
INSERT INTO "movimientos_caja" ("id", "fecha", "tipo", "categoria_id", "descripcion", "valor", "referencia_tipo", "referencia_id", "estado", "created_by", "created_at", "updated_at") VALUES (35, '2026-05-31', 'egreso', 22, 'OBLIGACION DE SUPER DE COMPAÑIAS', 89.66, NULL, NULL, 'activo', 1, '2026-07-09 18:46:54', '2026-07-09 18:46:54');
INSERT INTO "movimientos_caja" ("id", "fecha", "tipo", "categoria_id", "descripcion", "valor", "referencia_tipo", "referencia_id", "estado", "created_by", "created_at", "updated_at") VALUES (36, '2026-05-31', 'egreso', 1, 'PAGO AL CONTADOR - MES DE MAYO', 165.00, NULL, NULL, 'activo', 1, '2026-07-09 18:46:54', '2026-07-09 18:46:54');
INSERT INTO "movimientos_caja" ("id", "fecha", "tipo", "categoria_id", "descripcion", "valor", "referencia_tipo", "referencia_id", "estado", "created_by", "created_at", "updated_at") VALUES (37, '2026-05-31', 'egreso', 4, 'EMISION DE FACTURAS', 35.00, NULL, NULL, 'activo', 1, '2026-07-09 18:46:54', '2026-07-09 18:46:54');
INSERT INTO "movimientos_caja" ("id", "fecha", "tipo", "categoria_id", "descripcion", "valor", "referencia_tipo", "referencia_id", "estado", "created_by", "created_at", "updated_at") VALUES (38, '2026-05-31', 'egreso', 2, 'MOVILIZACION', 20.00, NULL, NULL, 'activo', 1, '2026-07-09 18:46:54', '2026-07-09 18:46:54');
INSERT INTO "movimientos_caja" ("id", "fecha", "tipo", "categoria_id", "descripcion", "valor", "referencia_tipo", "referencia_id", "estado", "created_by", "created_at", "updated_at") VALUES (39, '2026-05-31', 'egreso', 3, 'SERVICIOS BANCARIOS', 2.16, NULL, NULL, 'activo', 1, '2026-07-09 18:46:54', '2026-07-09 18:46:54');
INSERT INTO "movimientos_caja" ("id", "fecha", "tipo", "categoria_id", "descripcion", "valor", "referencia_tipo", "referencia_id", "estado", "created_by", "created_at", "updated_at") VALUES (40, '2026-06-30', 'egreso', 23, 'TRANMITE DE PATENTES Y LICENCIAS', 25.00, NULL, NULL, 'activo', 1, '2026-07-09 18:46:54', '2026-07-09 18:46:54');
INSERT INTO "movimientos_caja" ("id", "fecha", "tipo", "categoria_id", "descripcion", "valor", "referencia_tipo", "referencia_id", "estado", "created_by", "created_at", "updated_at") VALUES (41, '2026-06-30', 'egreso', 1, 'PAGO AL CONTADOR-MES DE JUNIO', 165.00, NULL, NULL, 'activo', 1, '2026-07-09 18:46:54', '2026-07-09 18:46:54');
INSERT INTO "movimientos_caja" ("id", "fecha", "tipo", "categoria_id", "descripcion", "valor", "referencia_tipo", "referencia_id", "estado", "created_by", "created_at", "updated_at") VALUES (42, '2026-06-30', 'egreso', 24, 'HOJAS Y TINTA PARA DOCUMENTOS ANT', 5.00, NULL, NULL, 'activo', 1, '2026-07-09 18:46:54', '2026-07-09 18:46:54');
INSERT INTO "movimientos_caja" ("id", "fecha", "tipo", "categoria_id", "descripcion", "valor", "referencia_tipo", "referencia_id", "estado", "created_by", "created_at", "updated_at") VALUES (43, '2026-06-30', 'egreso', 25, 'PAGO PARA TRANMITE DE BOMBEROS', 20.00, NULL, NULL, 'activo', 1, '2026-07-09 18:46:54', '2026-07-09 18:46:54');
INSERT INTO "movimientos_caja" ("id", "fecha", "tipo", "categoria_id", "descripcion", "valor", "referencia_tipo", "referencia_id", "estado", "created_by", "created_at", "updated_at") VALUES (44, '2026-06-30', 'egreso', 4, 'EMISION DE FACTURAS', 35.00, NULL, NULL, 'activo', 1, '2026-07-09 18:46:54', '2026-07-09 18:46:54');
INSERT INTO "movimientos_caja" ("id", "fecha", "tipo", "categoria_id", "descripcion", "valor", "referencia_tipo", "referencia_id", "estado", "created_by", "created_at", "updated_at") VALUES (45, '2026-06-30', 'egreso', 2, 'MOVILIZACION', 20.00, NULL, NULL, 'activo', 1, '2026-07-09 18:46:54', '2026-07-09 18:46:54');
INSERT INTO "movimientos_caja" ("id", "fecha", "tipo", "categoria_id", "descripcion", "valor", "referencia_tipo", "referencia_id", "estado", "created_by", "created_at", "updated_at") VALUES (46, '2026-06-30', 'egreso', 3, 'SERVICIOS BANCARIOS', 2.46, NULL, NULL, 'activo', 1, '2026-07-09 18:46:54', '2026-07-09 18:46:54');
INSERT INTO "movimientos_caja" ("id", "fecha", "tipo", "categoria_id", "descripcion", "valor", "referencia_tipo", "referencia_id", "estado", "created_by", "created_at", "updated_at") VALUES (8, '2026-01-31', 'egreso', 3, 'SERVICIOS BANCARIOS', 3.21, NULL, NULL, 'activo', 1, '2026-06-30 19:22:54', '2026-07-09 20:32:10');
INSERT INTO "movimientos_caja" ("id", "fecha", "tipo", "categoria_id", "descripcion", "valor", "referencia_tipo", "referencia_id", "estado", "created_by", "created_at", "updated_at") VALUES (47, '2026-01-31', 'ingreso', 12, 'VALOR RECIBIDO FACTURAS - ENERO', 1220.85, NULL, NULL, 'activo', 1, '2026-07-09 20:47:23', '2026-07-09 20:47:23');
INSERT INTO "movimientos_caja" ("id", "fecha", "tipo", "categoria_id", "descripcion", "valor", "referencia_tipo", "referencia_id", "estado", "created_by", "created_at", "updated_at") VALUES (63, '2026-04-30', 'ingreso', 12, 'VALOR RECIBIDO FACTURAS - ABRIL', 1140.24, NULL, NULL, 'activo', 1, '2026-07-09 20:47:23', '2026-07-09 20:47:23');
INSERT INTO "movimientos_caja" ("id", "fecha", "tipo", "categoria_id", "descripcion", "valor", "referencia_tipo", "referencia_id", "estado", "created_by", "created_at", "updated_at") VALUES (64, '2026-05-31', 'ingreso', 12, 'VALOR RECIBIDO FACTURAS - MAYO', 1290.53, NULL, NULL, 'activo', 1, '2026-07-09 20:47:23', '2026-07-09 20:47:23');
INSERT INTO "movimientos_caja" ("id", "fecha", "tipo", "categoria_id", "descripcion", "valor", "referencia_tipo", "referencia_id", "estado", "created_by", "created_at", "updated_at") VALUES (65, '2026-06-30', 'ingreso', 12, 'VALOR RECIBIDO FACTURAS - JUNIO', 1485.84, NULL, NULL, 'activo', 1, '2026-07-09 20:47:23', '2026-07-09 20:47:23');

-- Tabla: permission_role
INSERT INTO "permission_role" ("permission_id", "role_id") VALUES (1, 2);
INSERT INTO "permission_role" ("permission_id", "role_id") VALUES (2, 2);
INSERT INTO "permission_role" ("permission_id", "role_id") VALUES (3, 2);
INSERT INTO "permission_role" ("permission_id", "role_id") VALUES (4, 2);
INSERT INTO "permission_role" ("permission_id", "role_id") VALUES (5, 2);
INSERT INTO "permission_role" ("permission_id", "role_id") VALUES (6, 2);
INSERT INTO "permission_role" ("permission_id", "role_id") VALUES (7, 2);
INSERT INTO "permission_role" ("permission_id", "role_id") VALUES (8, 2);
INSERT INTO "permission_role" ("permission_id", "role_id") VALUES (9, 2);
INSERT INTO "permission_role" ("permission_id", "role_id") VALUES (10, 2);
INSERT INTO "permission_role" ("permission_id", "role_id") VALUES (11, 2);
INSERT INTO "permission_role" ("permission_id", "role_id") VALUES (12, 2);
INSERT INTO "permission_role" ("permission_id", "role_id") VALUES (13, 2);
INSERT INTO "permission_role" ("permission_id", "role_id") VALUES (14, 2);
INSERT INTO "permission_role" ("permission_id", "role_id") VALUES (15, 2);
INSERT INTO "permission_role" ("permission_id", "role_id") VALUES (16, 2);
INSERT INTO "permission_role" ("permission_id", "role_id") VALUES (17, 2);
INSERT INTO "permission_role" ("permission_id", "role_id") VALUES (18, 2);
INSERT INTO "permission_role" ("permission_id", "role_id") VALUES (19, 2);
INSERT INTO "permission_role" ("permission_id", "role_id") VALUES (20, 2);
INSERT INTO "permission_role" ("permission_id", "role_id") VALUES (21, 2);
INSERT INTO "permission_role" ("permission_id", "role_id") VALUES (1, 4);
INSERT INTO "permission_role" ("permission_id", "role_id") VALUES (5, 4);
INSERT INTO "permission_role" ("permission_id", "role_id") VALUES (8, 4);
INSERT INTO "permission_role" ("permission_id", "role_id") VALUES (11, 4);
INSERT INTO "permission_role" ("permission_id", "role_id") VALUES (15, 4);
INSERT INTO "permission_role" ("permission_id", "role_id") VALUES (18, 4);
INSERT INTO "permission_role" ("permission_id", "role_id") VALUES (21, 4);

-- Tabla: permissions
INSERT INTO "permissions" ("id", "nombre", "slug", "descripcion", "activo", "created_at", "updated_at") VALUES (1, 'Ver usuarios', 'ver-usuarios', 'Ver listado de usuarios', true, '2026-06-30 19:22:53', '2026-06-30 19:22:53');
INSERT INTO "permissions" ("id", "nombre", "slug", "descripcion", "activo", "created_at", "updated_at") VALUES (2, 'Crear usuarios', 'crear-usuarios', 'Crear nuevos usuarios', true, '2026-06-30 19:22:53', '2026-06-30 19:22:53');
INSERT INTO "permissions" ("id", "nombre", "slug", "descripcion", "activo", "created_at", "updated_at") VALUES (3, 'Editar usuarios', 'editar-usuarios', 'Editar usuarios existentes', true, '2026-06-30 19:22:53', '2026-06-30 19:22:53');
INSERT INTO "permissions" ("id", "nombre", "slug", "descripcion", "activo", "created_at", "updated_at") VALUES (4, 'Eliminar usuarios', 'eliminar-usuarios', 'Eliminar usuarios', true, '2026-06-30 19:22:53', '2026-06-30 19:22:53');
INSERT INTO "permissions" ("id", "nombre", "slug", "descripcion", "activo", "created_at", "updated_at") VALUES (5, 'Ver socios', 'ver-socios', 'Ver listado de socios', true, '2026-06-30 19:22:53', '2026-06-30 19:22:53');
INSERT INTO "permissions" ("id", "nombre", "slug", "descripcion", "activo", "created_at", "updated_at") VALUES (6, 'Crear socios', 'crear-socios', 'Crear nuevos socios', true, '2026-06-30 19:22:53', '2026-06-30 19:22:53');
INSERT INTO "permissions" ("id", "nombre", "slug", "descripcion", "activo", "created_at", "updated_at") VALUES (7, 'Editar socios', 'editar-socios', 'Editar socios existentes', true, '2026-06-30 19:22:53', '2026-06-30 19:22:53');
INSERT INTO "permissions" ("id", "nombre", "slug", "descripcion", "activo", "created_at", "updated_at") VALUES (8, 'Ver clientes', 'ver-clientes', 'Ver listado de clientes', true, '2026-06-30 19:22:53', '2026-06-30 19:22:53');
INSERT INTO "permissions" ("id", "nombre", "slug", "descripcion", "activo", "created_at", "updated_at") VALUES (9, 'Crear clientes', 'crear-clientes', 'Crear nuevos clientes', true, '2026-06-30 19:22:53', '2026-06-30 19:22:53');
INSERT INTO "permissions" ("id", "nombre", "slug", "descripcion", "activo", "created_at", "updated_at") VALUES (10, 'Editar clientes', 'editar-clientes', 'Editar clientes existentes', true, '2026-06-30 19:22:53', '2026-06-30 19:22:53');
INSERT INTO "permissions" ("id", "nombre", "slug", "descripcion", "activo", "created_at", "updated_at") VALUES (11, 'Ver facturas', 'ver-facturas', 'Ver listado de facturas', true, '2026-06-30 19:22:53', '2026-06-30 19:22:53');
INSERT INTO "permissions" ("id", "nombre", "slug", "descripcion", "activo", "created_at", "updated_at") VALUES (12, 'Crear facturas', 'crear-facturas', 'Crear nuevas facturas', true, '2026-06-30 19:22:53', '2026-06-30 19:22:53');
INSERT INTO "permissions" ("id", "nombre", "slug", "descripcion", "activo", "created_at", "updated_at") VALUES (13, 'Editar facturas', 'editar-facturas', 'Editar facturas', true, '2026-06-30 19:22:53', '2026-06-30 19:22:53');
INSERT INTO "permissions" ("id", "nombre", "slug", "descripcion", "activo", "created_at", "updated_at") VALUES (14, 'Anular facturas', 'anular-facturas', 'Anular facturas', true, '2026-06-30 19:22:53', '2026-06-30 19:22:53');
INSERT INTO "permissions" ("id", "nombre", "slug", "descripcion", "activo", "created_at", "updated_at") VALUES (15, 'Ver liquidaciones', 'ver-liquidaciones', 'Ver liquidaciones', true, '2026-06-30 19:22:53', '2026-06-30 19:22:53');
INSERT INTO "permissions" ("id", "nombre", "slug", "descripcion", "activo", "created_at", "updated_at") VALUES (16, 'Crear liquidaciones', 'crear-liquidaciones', 'Generar liquidaciones', true, '2026-06-30 19:22:53', '2026-06-30 19:22:53');
INSERT INTO "permissions" ("id", "nombre", "slug", "descripcion", "activo", "created_at", "updated_at") VALUES (17, 'Aprobar liquidaciones', 'aprobar-liquidaciones', 'Aprobar liquidaciones', true, '2026-06-30 19:22:53', '2026-06-30 19:22:53');
INSERT INTO "permissions" ("id", "nombre", "slug", "descripcion", "activo", "created_at", "updated_at") VALUES (18, 'Ver movimientos', 'ver-movimientos', 'Ver movimientos de caja', true, '2026-06-30 19:22:53', '2026-06-30 19:22:53');
INSERT INTO "permissions" ("id", "nombre", "slug", "descripcion", "activo", "created_at", "updated_at") VALUES (19, 'Crear movimientos', 'crear-movimientos', 'Registrar movimientos de caja', true, '2026-06-30 19:22:53', '2026-06-30 19:22:53');
INSERT INTO "permissions" ("id", "nombre", "slug", "descripcion", "activo", "created_at", "updated_at") VALUES (20, 'Cerrar caja', 'cerrar-caja', 'Realizar cierres mensuales', true, '2026-06-30 19:22:53', '2026-06-30 19:22:53');
INSERT INTO "permissions" ("id", "nombre", "slug", "descripcion", "activo", "created_at", "updated_at") VALUES (21, 'Ver reportes', 'ver-reportes', 'Ver reportes y exportar', true, '2026-06-30 19:22:53', '2026-06-30 19:22:53');

-- Tabla: role_user
INSERT INTO "role_user" ("role_id", "user_id") VALUES (2, 1);

-- Tabla: roles
INSERT INTO "roles" ("id", "nombre", "slug", "descripcion", "activo", "created_at", "updated_at") VALUES (2, 'Administrador', 'admin', 'Gestiona usuarios, facturas y liquidaciones', true, '2026-06-30 19:22:53', '2026-06-30 19:22:53');
INSERT INTO "roles" ("id", "nombre", "slug", "descripcion", "activo", "created_at", "updated_at") VALUES (4, 'Contador', 'contador', 'Acceso a caja, gastos y reportes contables', true, '2026-06-30 19:22:53', '2026-06-30 19:22:53');

-- Tabla: sessions
INSERT INTO "sessions" ("id", "user_id", "ip_address", "user_agent", "payload", "last_activity") VALUES ('fCMGF6XqgISM3HoeviMWL2mW4iG1F2nlx0fBhWUE', 1, '127.0.0.1', 'Mozilla/5.0 (Windows NT 10.0; Win64; x64) AppleWebKit/537.36 (KHTML, like Gecko) Chrome/150.0.0.0 Safari/537.36', 'eyJfdG9rZW4iOiJTSmVPZXNBbFpiWUdUVHh6VDVSWE1ZS1pPNVZsNnJvbXlnTVZqc2pPIiwiX2ZsYXNoIjp7Im9sZCI6W10sIm5ldyI6W119LCJfcHJldmlvdXMiOnsidXJsIjoiaHR0cDpcL1wvMTI3LjAuMC4xOjgwMDBcL2ZhY3R1cmFzIiwicm91dGUiOiJmYWN0dXJhcy5pbmRleCJ9LCJsb2dpbl93ZWJfNTliYTM2YWRkYzJiMmY5NDAxNTgwZjAxNGM3ZjU4ZWE0ZTMwOTg5ZCI6MX0=', 1783641478);

-- Tabla: socios
INSERT INTO "socios" ("id", "nombres", "identificacion", "telefono", "email", "direccion", "cuota_mensual_base", "porcentaje_participacion", "tipo_socio", "activo", "fecha_registro", "created_at", "updated_at", "deleted_at") VALUES (1, 'Nelson Jimenez', 'NELSON001', NULL, NULL, NULL, 75.00, NULL, 'socio', true, '2026-01-01 00:00:00', '2026-06-30 19:22:54', '2026-06-30 19:22:54', NULL);
INSERT INTO "socios" ("id", "nombres", "identificacion", "telefono", "email", "direccion", "cuota_mensual_base", "porcentaje_participacion", "tipo_socio", "activo", "fecha_registro", "created_at", "updated_at", "deleted_at") VALUES (2, 'Freddy Delgado', 'FREDDY001', NULL, NULL, NULL, 150.00, NULL, 'socio', true, '2026-01-01 00:00:00', '2026-06-30 19:22:54', '2026-06-30 19:22:54', NULL);
INSERT INTO "socios" ("id", "nombres", "identificacion", "telefono", "email", "direccion", "cuota_mensual_base", "porcentaje_participacion", "tipo_socio", "activo", "fecha_registro", "created_at", "updated_at", "deleted_at") VALUES (3, 'Gustavo Bunay', 'GUSTAVO001', NULL, NULL, NULL, 75.00, NULL, 'socio', true, '2026-01-01 00:00:00', '2026-06-30 19:22:54', '2026-06-30 19:22:54', NULL);
INSERT INTO "socios" ("id", "nombres", "identificacion", "telefono", "email", "direccion", "cuota_mensual_base", "porcentaje_participacion", "tipo_socio", "activo", "fecha_registro", "created_at", "updated_at", "deleted_at") VALUES (4, 'Letty''s Williams', 'LETTY001', NULL, NULL, NULL, 75.00, NULL, 'socio', true, '2026-01-01 00:00:00', '2026-06-30 19:22:54', '2026-06-30 19:22:54', NULL);
INSERT INTO "socios" ("id", "nombres", "identificacion", "telefono", "email", "direccion", "cuota_mensual_base", "porcentaje_participacion", "tipo_socio", "activo", "fecha_registro", "created_at", "updated_at", "deleted_at") VALUES (5, 'Eliana Mero', 'ELIANA001', NULL, NULL, NULL, 0.00, NULL, 'colaborador', true, '2026-01-01 00:00:00', '2026-06-30 19:22:54', '2026-06-30 19:22:54', NULL);
INSERT INTO "socios" ("id", "nombres", "identificacion", "telefono", "email", "direccion", "cuota_mensual_base", "porcentaje_participacion", "tipo_socio", "activo", "fecha_registro", "created_at", "updated_at", "deleted_at") VALUES (6, 'Rogelio Molina', 'ROGELIO001', NULL, NULL, NULL, 75.00, NULL, 'socio', true, '2026-01-01 00:00:00', '2026-06-30 19:22:54', '2026-06-30 19:22:54', NULL);
INSERT INTO "socios" ("id", "nombres", "identificacion", "telefono", "email", "direccion", "cuota_mensual_base", "porcentaje_participacion", "tipo_socio", "activo", "fecha_registro", "created_at", "updated_at", "deleted_at") VALUES (7, 'Rafael', 1351140072, 0962577264, 'talasaa1000@gmail.com', 'Las Cumbres
Manta', 0.00, NULL, 'socio', true, NULL, '2026-07-09 21:46:42', '2026-07-09 21:46:50', '2026-07-09 21:46:50');

-- Tabla: tipos_retencion
INSERT INTO "tipos_retencion" ("id", "nombre", "slug", "porcentaje", "descripcion", "activo", "created_at", "updated_at") VALUES (1, 'Retencion 1%', 'retencion-1', 1.00, 'Retencion del 1% sobre valor de factura', true, '2026-06-30 19:22:54', '2026-06-30 19:22:54');
INSERT INTO "tipos_retencion" ("id", "nombre", "slug", "porcentaje", "descripcion", "activo", "created_at", "updated_at") VALUES (2, 'Retencion Turismo 3%', 'retencion-turismo-3', 3.00, 'Retencion de turismo del 3% sobre valor recibido', true, '2026-06-30 19:22:54', '2026-06-30 19:22:54');

-- Tabla: users
INSERT INTO "users" ("id", "name", "email", "email_verified_at", "password", "remember_token", "created_at", "updated_at", "role_id", "activo", "socio_id") VALUES (1, 'Administrador', 'admin@admin.com', NULL, '$2y$12$zSNPm0YM4U/feIbeanUTO.p4rdHcn3kMG/PhztgZjojZdci5iP0ze', NULL, '2026-06-30 19:22:54', '2026-06-30 19:22:54', NULL, true, NULL);

